City ID,City Name,Cloudiness,Country,Date,Humidity,Latitude,Longitude,Max Temperature,Wind Speed
0,Pangnirtung,20,CA,1581187681,74,66.15,-65.71,-23.8,4.56
1,Markivka,100,UA,1581187681,82,49.52,39.57,14.77,9.22
2,Kapaa,20,US,1581187430,63,22.08,-159.32,69.8,8.05
3,Cherskiy,95,RU,1581187681,75,68.75,161.3,-32.13,3.2
4,Souillac,75,MU,1581187618,88,-20.52,57.52,77.0,10.29
5,Paamiut,96,GL,1581187681,67,61.99,-49.67,9.66,12.68
6,Codrington,0,AU,1581187681,84,-38.27,141.97,64.94,18.75
7,Puerto Ayora,20,EC,1581187681,70,-0.74,-90.35,84.2,17.22
8,Bredasdorp,37,ZA,1581187619,77,-34.53,20.04,70.0,8.05
9,Cape Town,50,ZA,1581187681,82,-33.93,18.42,75.0,12.75
10,Hobart,90,AU,1581187502,67,-42.88,147.33,57.2,4.7
11,Hong Kong,40,HK,1581187433,63,22.29,114.16,62.6,12.75
12,Udachny,90,RU,1581187619,84,66.42,112.4,1.4,6.71
13,Barrow,1,US,1581187682,98,71.29,-156.79,-36.4,4.7
14,Vaini,20,TO,1581187682,94,-21.2,-175.2,78.8,6.93
15,Gardenstown,40,GB,1581187682,81,57.67,-2.34,46.4,32.21
16,Ilulissat,75,GL,1581187682,71,69.22,-51.1,6.8,4.7
17,Jalu,1,LY,1581187682,50,29.03,21.55,56.12,6.6
18,Pangoa,99,PE,1581187682,94,-12.12,-73.0,76.26,0.74
19,Manacapuru,75,BR,1581187682,58,-3.3,-60.62,87.8,6.93
20,Ostrovnoy,88,RU,1581187682,95,68.05,39.51,24.57,13.62
21,Rikitea,62,PF,1581187682,78,-23.12,-134.97,78.12,16.55
22,Emba,100,KZ,1581187620,83,48.83,58.14,18.79,9.91
23,Comodoro Rivadavia,75,AR,1581187331,67,-45.87,-67.5,62.6,8.05
24,Sola,100,VU,1581187620,79,-13.88,167.55,83.35,13.38
25,Thompson,90,CA,1581187381,77,55.74,-97.86,5.0,11.41
26,Yellowknife,75,CA,1581187426,83,62.46,-114.35,-5.01,9.17
27,Mahebourg,75,MU,1581187620,88,-20.41,57.7,77.0,10.29
28,Upernavik,100,GL,1581187683,96,72.79,-56.15,-21.62,10.8
29,Palimbang,18,PH,1581187683,78,6.21,124.19,82.11,7.61
30,Bluff,99,NZ,1581187621,94,-46.6,168.33,52.0,15.01
31,Cascais,75,PT,1581187621,87,38.7,-9.42,57.2,11.41
32,Narsaq,75,GL,1581187621,52,60.92,-46.05,15.8,6.93
33,Bambous Virieux,75,MU,1581187621,88,-20.34,57.76,77.0,10.29
34,Dikson,94,RU,1581187621,94,73.51,80.55,-8.7,16.62
35,Grand-Lahou,5,CI,1581187621,79,5.14,-5.02,83.17,15.26
36,Mar del Plata,75,AR,1581187621,68,-38.0,-57.56,69.01,14.99
37,Tasiilaq,90,GL,1581187621,92,65.61,-37.64,30.2,41.38
38,Lerwick,55,GB,1581187621,75,60.15,-1.15,44.6,35.57
39,La Ronge,90,CA,1581187621,84,55.1,-105.28,5.0,8.05
40,Ponta do Sol,40,PT,1581187621,72,32.67,-17.1,66.2,4.7
41,Busselton,10,AU,1581187622,59,-33.65,115.33,55.0,11.39
42,Omboue,72,GA,1581187622,93,-1.57,9.26,77.0,5.1
43,Port Elizabeth,19,ZA,1581187622,94,-33.92,25.57,69.8,12.75
44,Pisco,45,PE,1581187622,30,-13.7,-76.22,75.0,9.17
45,Krutinka,95,RU,1581187622,96,56.01,71.51,9.3,6.85
46,Tuktoyaktuk,75,CA,1581187622,65,69.45,-133.04,-34.6,3.36
47,Punta Arenas,0,CL,1581187622,48,-53.15,-70.92,73.4,8.05
48,Saldanha,42,ZA,1581187622,49,-33.01,17.94,73.4,9.17
49,Jutai,65,BR,1581187622,52,-5.18,-68.9,89.2,2.21
50,East Wenatchee Bench,20,US,1581187622,65,47.43,-120.28,44.6,14.99
51,Katsuura,20,JP,1581187622,51,35.13,140.3,39.2,14.99
52,Buala,96,SB,1581187623,83,-8.14,159.59,80.13,11.9
53,Praia da Vitoria,40,PT,1581187623,68,38.73,-27.07,66.2,20.47
54,Lorengau,98,PG,1581187623,76,-2.02,147.27,82.76,13.69
55,Ko Samui,26,TH,1581187623,71,9.54,99.94,80.37,9.51
56,Manta,75,EC,1581187623,70,-0.95,-80.73,86.0,9.17
57,Port Alfred,57,ZA,1581187623,96,-33.59,26.89,66.99,1.99
58,Taltal,4,CL,1581187623,67,-25.4,-70.48,68.22,8.57
59,Kavieng,100,PG,1581187623,74,-2.57,150.8,83.17,10.0
60,Castro,39,BR,1581187623,79,-24.79,-50.01,76.28,4.61
61,Zeya,100,RU,1581187623,97,53.75,127.27,-14.28,6.46
62,Geraldton,90,AU,1581187623,68,-28.77,114.6,71.6,17.22
63,Esperance,90,AU,1581187623,77,-33.87,121.9,68.0,21.92
64,Christchurch,19,NZ,1581187624,100,-43.53,172.63,46.99,2.24
65,Salinas,90,US,1581187624,81,36.68,-121.66,55.99,3.36
66,Atuona,0,PF,1581187624,74,-9.8,-139.03,80.51,18.66
67,Albany,75,US,1581187624,57,42.6,-73.97,30.0,12.75
68,Saint George,1,US,1581187482,24,37.1,-113.58,59.0,10.29
69,Presidencia Roque Saenz Pena,50,AR,1581187624,29,-26.79,-60.44,98.22,6.46
70,Robertsport,0,LR,1581187624,79,6.75,-11.37,82.62,12.33
71,Saint-Philippe,75,RE,1581187624,88,-21.36,55.77,75.2,9.17
72,Coquimbo,0,CL,1581187624,64,-29.95,-71.34,68.0,13.87
73,Altamont,40,US,1581187624,55,42.21,-121.74,37.99,19.46
74,Acapulco de Juarez,20,MX,1581187427,45,16.86,-99.89,87.8,8.05
75,Lavrentiya,53,RU,1581187624,93,65.58,-171.0,-21.37,8.01
76,Saskylakh,99,RU,1581187625,98,71.92,114.08,-7.96,2.48
77,Ushuaia,0,AR,1581187598,32,-54.8,-68.3,68.0,4.7
78,Marawi,65,PH,1581187625,87,8.0,124.29,72.0,10.0
79,Petropavlovsk-Kamchatsky,100,RU,1581187625,62,53.05,158.65,21.2,6.71
80,Chebsara,90,RU,1581187625,85,59.2,38.84,17.6,11.18
81,Bilma,0,NE,1581187625,20,18.69,12.92,68.54,7.49
82,Honiara,40,SB,1581187625,94,-9.43,159.95,77.0,2.24
83,Isla Vista,90,US,1581187625,93,34.41,-119.86,63.0,3.58
84,Lompoc,90,US,1581187625,93,34.64,-120.46,60.01,7.49
85,Kaitangata,100,NZ,1581187625,69,-46.28,169.85,52.0,4.0
86,Butaritari,99,KI,1581187625,79,3.07,172.79,83.82,22.7
87,Jamestown,90,US,1581187594,79,42.1,-79.24,30.99,10.29
88,Novyy Karachay,100,RU,1581187625,93,43.82,41.9,12.45,4.97
89,El Retorno,22,CO,1581187626,33,2.33,-72.63,95.09,8.79
90,Tigil,52,RU,1581187626,84,57.8,158.67,-7.1,8.23
91,Torbay,75,CA,1581187626,68,47.67,-52.73,32.0,38.03
92,Eden,1,US,1581187626,44,36.49,-79.77,43.0,6.93
93,Freeport,40,US,1581187626,41,40.66,-73.58,42.01,16.11
94,Nantucket,1,US,1581187486,44,41.28,-70.1,39.0,16.11
95,Gamovo,55,RU,1581187626,83,57.87,56.11,-4.0,4.47
96,Te Anau,0,NZ,1581187626,79,-45.42,167.72,40.55,1.59
97,Pevek,98,RU,1581187626,100,69.7,170.31,-27.87,1.23
98,Najran,12,SA,1581187626,25,17.49,44.13,84.2,4.9
99,Talnakh,100,RU,1581187627,83,69.49,88.4,-14.8,11.18
100,Margate,50,GB,1581187333,75,51.38,1.39,46.4,13.87
101,Tautira,75,PF,1581187351,74,-17.73,-149.15,80.6,6.93
102,Mariehamn,90,AX,1581187627,86,60.1,19.93,37.4,11.41
103,Skjervoy,100,NO,1581187627,81,70.03,20.97,40.42,5.82
104,Safi,30,MA,1581187331,79,32.3,-9.24,58.55,12.19
105,Chumikan,0,RU,1581187627,87,54.72,135.31,-20.69,2.46
106,Durban,88,ZA,1581187627,83,-29.86,31.03,78.01,6.93
107,Kahului,20,US,1581187627,72,20.89,-156.47,66.2,3.36
108,Vestmannaeyjar,40,IS,1581187627,74,63.44,-20.27,37.4,6.93
109,Mataura,98,NZ,1581187627,94,-46.19,168.86,52.0,15.01
110,East London,20,ZA,1581187627,94,-33.02,27.91,68.0,2.24
111,Carnarvon,100,AU,1581187627,88,-24.87,113.63,77.0,24.16
112,Pareora,5,NZ,1581187628,95,-44.49,171.21,46.99,4.7
113,Bowen,90,AU,1581187628,94,-20.02,148.23,80.01,4.7
114,Bethel,75,US,1581187628,47,41.37,-73.41,41.0,14.99
115,Tiarei,75,PF,1581187628,74,-17.53,-149.33,86.0,6.93
116,Nagram,0,IN,1581187628,93,26.62,81.13,51.8,4.88
117,Sydney Mines,90,CA,1581187628,62,46.24,-60.22,24.01,24.16
118,Ibra,60,OM,1581187628,49,22.69,58.53,67.1,10.6
119,Ligatne,98,LV,1581187628,97,57.23,25.04,35.01,3.0
120,Westport,75,US,1581187562,38,41.14,-73.36,42.01,13.87
121,Chui,97,UY,1581187628,90,-33.7,-53.46,72.05,13.71
122,Leningradskiy,100,RU,1581187628,94,69.38,178.42,-20.22,21.9
123,George Town,40,MY,1581187441,88,5.41,100.34,80.6,2.24
124,Hamilton,90,US,1581187628,86,39.18,-84.53,36.0,4.7
125,Coesfeld,75,DE,1581187629,66,51.93,7.15,50.0,8.05
126,Cabo San Lucas,20,MX,1581187629,46,22.89,-109.91,75.99,3.36
127,Byron Bay,75,AU,1581187629,94,-28.65,153.62,71.6,5.32
128,Sao Gabriel da Cachoeira,40,BR,1581187629,52,-0.13,-67.09,91.4,4.7
129,Aguia Branca,49,BR,1581187629,70,-18.98,-40.74,83.46,3.71
130,Fortuna,20,US,1581187629,76,40.6,-124.16,52.0,18.34
131,Asau,71,RO,1581187629,73,46.43,26.4,27.0,1.12
132,Avarua,97,CK,1581187629,83,-21.21,-159.78,80.6,16.96
133,Palmares do Sul,31,BR,1581187629,60,-30.26,-50.51,86.56,14.16
134,Sangar,98,RU,1581187629,74,63.92,127.47,-19.68,17.18
135,Bud,90,US,1581187629,78,39.45,-86.18,35.01,11.41
136,Baykit,100,RU,1581187629,95,61.67,96.37,9.0,6.15
137,Lata,75,PT,1581187629,100,40.16,-8.33,55.0,11.41
138,Mount Isa,16,AU,1581187630,78,-20.73,139.5,77.0,7.81
139,Camana,96,PE,1581187630,74,-16.62,-72.71,69.84,11.16
140,Edirne,81,TR,1581187630,63,41.68,26.56,19.99,1.23
141,Glens Falls,90,US,1581187262,67,43.31,-73.64,26.01,4.7
142,Faya,36,SA,1581187630,87,18.39,42.45,62.6,7.47
143,Ust'-Ishim,85,RU,1581187630,95,57.69,71.17,12.16,5.68
144,Port Hardy,20,CA,1581187630,75,50.7,-127.42,41.0,13.87
145,Airai,99,TL,1581187630,91,-8.93,125.41,67.77,1.83
146,Vikhorevka,100,RU,1581187630,92,56.12,101.16,21.2,11.18
147,Sabang,62,ID,1581187630,68,5.89,95.32,82.38,13.73
148,Beyneu,94,KZ,1581187630,83,45.32,55.2,34.74,18.43
149,Ojinaga,1,MX,1581187630,22,29.57,-104.42,70.0,0.98
150,Jiwani,3,PK,1581187631,64,25.05,61.74,71.74,10.98
151,Qasigiannguit,75,GL,1581187631,71,68.82,-51.19,6.8,4.7
152,Hermanus,58,ZA,1581187631,85,-34.42,19.23,73.0,5.99
153,Iqaluit,40,CA,1581187631,55,63.75,-68.51,-20.0,4.7
154,Qaanaaq,0,GL,1581187631,67,77.48,-69.36,-25.28,5.06
155,Riyadh,40,SA,1581187414,28,24.69,46.72,71.6,5.82
156,Conceicao do Araguaia,100,BR,1581187631,97,-8.26,-49.26,72.1,3.96
157,Mathbaria,100,BD,1581187631,31,22.29,89.96,71.26,7.31
158,Mangochi,100,MW,1581187631,93,-14.48,35.26,70.45,2.53
159,Dawei,4,MM,1581187631,62,14.08,98.2,79.61,5.73
160,Nome,90,US,1581187424,63,64.5,-165.41,-9.99,3.36
161,Rawson,22,AR,1581187473,71,-43.3,-65.1,60.76,10.63
162,Jinchang,0,CN,1581187632,22,38.5,102.17,25.21,6.67
163,Lebu,0,CL,1581187632,30,-37.62,-73.65,78.26,9.08
164,New Norfolk,90,AU,1581187632,67,-42.78,147.06,57.2,4.7
165,Nanpara,2,IN,1581187632,63,27.87,81.5,52.63,3.87
166,Debre Tabor,84,ET,1581187632,25,11.85,38.02,69.26,4.12
167,Hithadhoo,22,MV,1581187632,79,-0.6,73.08,82.31,11.14
168,San Patricio,26,MX,1581187632,68,19.22,-104.7,75.85,2.8
169,Rosendal,75,NO,1581187632,87,59.99,6.01,43.0,21.92
170,Touros,20,BR,1581187632,52,-5.2,-35.46,89.6,13.87
171,Buraidah,0,SA,1581187601,42,26.33,43.98,62.6,10.29
172,Vanderhoof,0,CA,1581187633,88,54.02,-124.02,16.21,5.77
173,Mondlo,63,ZA,1581187633,85,-27.98,30.72,67.35,6.24
174,Seoul,1,KR,1581187548,79,37.57,126.98,26.6,1.12
175,Sao Filipe,58,CV,1581187633,53,14.9,-24.5,76.21,20.15
176,Dorokhovo,0,RU,1581187633,78,55.55,36.37,14.0,4.47
177,Malbork,0,PL,1581187633,74,54.04,19.03,39.99,8.05
178,Tallahassee,1,US,1581187418,36,30.44,-84.28,66.99,13.87
179,Fairbanks,1,US,1581187532,91,64.84,-147.72,6.01,4.74
180,Chokurdakh,0,RU,1581187633,92,70.63,147.92,-36.31,2.93
181,Baoqing,28,CN,1581187633,88,46.33,132.21,-8.45,2.21
182,Niamey,19,NE,1581187633,8,13.51,2.11,87.8,9.17
183,Casablanca,40,MA,1581187485,87,33.59,-7.62,62.01,6.93
184,Ouadda,8,CF,1581187633,19,8.08,22.4,80.67,6.87
185,Qiryat Shemona,75,IL,1581187634,71,33.21,35.57,51.8,12.75
186,Provideniya,34,RU,1581187634,90,64.38,-173.3,-21.14,12.53
187,Dudinka,90,RU,1581187634,83,69.41,86.18,-14.8,11.18
188,Hojai,86,IN,1581187634,70,26.0,92.87,63.55,0.96
189,Tiksi,0,RU,1581187634,63,71.69,128.87,-17.48,6.73
190,Mitsamiouli,20,KM,1581187634,83,-11.38,43.28,82.4,4.7
191,Griffith,90,US,1581187457,59,41.53,-87.42,37.0,3.33
192,Tomatlan,32,MX,1581187564,41,19.93,-105.25,85.26,1.54
193,Ribeira Grande,40,PT,1581187634,88,38.52,-28.7,64.4,19.46
194,Kodiak,20,US,1581187634,77,57.79,-152.41,39.2,4.7
195,Hilo,1,US,1581187635,63,19.73,-155.09,66.99,8.05
196,Nikolayevsk-on-Amure,70,RU,1581187635,96,53.14,140.73,-20.18,4.14
197,Mongu,72,ZM,1581187635,88,-15.25,23.13,70.75,2.89
198,Victor Harbor,0,AU,1581187635,53,-35.57,138.62,75.2,9.17
199,Nioro,15,GM,1581187635,4,13.35,-15.75,97.63,9.91
200,Haines Junction,81,CA,1581187446,96,60.75,-137.51,11.12,11.41
201,Baglung,11,NP,1581187636,28,28.27,83.59,27.16,13.04
202,Barabai,100,ID,1581187636,95,-2.58,115.38,73.31,1.32
203,Poplar Bluff,1,US,1581187636,60,36.76,-90.39,44.6,6.04
204,Ulaangom,100,MN,1581187636,97,49.98,92.07,-2.79,2.26
205,Krasnogvardeyskiy,100,RU,1581187636,95,57.38,62.32,7.11,6.42
206,Vrangel,0,RU,1581187637,55,42.73,133.08,14.95,15.26
207,Bedi,0,IN,1581187455,41,22.5,70.05,68.88,11.92
208,Altay,74,CN,1581187637,57,47.87,88.12,21.76,6.42
209,Turaif,75,SA,1581187637,93,31.67,38.66,42.8,16.11
210,Sitka,90,US,1581187638,93,57.05,-135.33,35.6,3.36
211,Guerrero Negro,16,MX,1581187566,58,27.98,-114.06,65.3,3.53
212,Moerai,74,PF,1581187638,84,-22.43,-151.33,80.06,17.05
213,Arraial do Cabo,0,BR,1581187341,69,-22.97,-42.03,86.0,17.22
214,Port Lincoln,0,AU,1581187638,82,-34.73,135.87,67.87,3.89
215,Dzaoudzi,3,YT,1581187638,94,-12.79,45.27,80.6,2.24
216,San Quintin,10,MX,1581187638,73,30.48,-115.95,61.36,6.62
217,Alofi,60,NU,1581187638,94,-19.06,-169.92,78.8,4.7
218,Kieta,100,PG,1581187638,75,-6.22,155.63,81.46,4.0
219,Necochea,100,AR,1581187638,78,-38.55,-58.74,66.0,8.01
220,Labuan,75,MY,1581187638,88,5.28,115.24,80.6,6.4
221,San Cristobal,20,VE,1581187639,52,7.77,-72.22,87.8,12.75
222,Faanui,100,PF,1581187639,79,-16.48,-151.75,82.24,20.45
223,Fougamou,100,GA,1581187639,93,-1.22,10.58,77.5,3.53
224,Nanortalik,85,GL,1581187639,67,60.14,-45.24,20.44,35.9
225,Bubaque,3,GW,1581187639,53,11.28,-15.83,81.48,15.1
226,Inyonga,57,TZ,1581187639,89,-6.72,32.07,67.75,1.61
227,Sandnessjoen,96,NO,1581187639,60,66.02,12.63,41.0,12.75
228,Klaksvik,68,FO,1581187639,93,62.23,-6.59,37.4,24.16
229,College,1,US,1581187639,91,64.86,-147.8,23.0,3.31
230,Lengshuijiang,98,CN,1581187639,90,27.69,111.43,42.12,1.86
231,Umm Lajj,95,SA,1581187639,58,25.02,37.27,58.42,10.47
232,Vao,10,NC,1581187639,85,-22.67,167.48,80.02,21.94
233,Severo-Kuril'sk,100,RU,1581187620,93,50.68,156.12,24.66,44.78
234,Mil'kovo,100,RU,1581187640,99,54.72,158.62,-2.74,2.1
235,Usinsk,38,RU,1581187640,99,65.99,57.53,-12.28,8.32
236,Flinders,90,AU,1581187640,100,-34.58,150.86,69.01,19.46
237,Chernelytsya,95,UA,1581187640,79,48.81,25.42,30.99,5.44
238,Tezu,9,IN,1581187640,50,27.92,96.17,56.16,2.77
239,Andros Town,100,BS,1581187509,75,24.7,-77.77,72.0,8.01
240,Keetmanshoop,0,,1581187640,28,-26.58,18.13,87.8,16.11
241,Susangerd,17,IR,1581187640,52,31.56,48.18,64.4,6.93
242,Clyde River,1,CA,1581187640,73,70.47,-68.59,-29.2,10.29
243,Alice Springs,90,AU,1581187640,31,-23.7,133.88,77.0,3.36
244,Flin Flon,90,CA,1581187641,84,54.77,-101.86,8.6,3.36
245,Bossangoa,77,CF,1581187641,18,6.49,17.46,85.77,2.98
246,Hasaki,20,JP,1581187641,69,35.73,140.83,32.0,6.93
247,Gorin,0,RU,1581187641,88,51.2,136.67,-17.91,1.92
248,Port-Gentil,75,GA,1581187641,94,-0.72,8.78,78.8,12.75
249,Jaque,27,PA,1581187641,60,7.52,-78.17,84.2,3.67
250,Dalian,0,CN,1581187641,67,38.91,121.6,23.0,4.47
251,Husavik,21,IS,1581187641,80,66.04,-17.34,30.2,8.05
252,Kongolo,63,CD,1581187641,94,-5.38,27.0,72.43,3.02
253,Kruisfontein,10,ZA,1581187642,83,-34.0,24.73,68.67,13.18
254,Dodge City,1,US,1581187410,52,37.75,-100.02,51.01,20.8
255,Berlevag,85,NO,1581187642,88,70.86,29.09,40.28,20.54
256,Norman Wells,40,CA,1581187642,76,65.28,-126.83,-5.8,4.7
257,Longyearbyen,75,SJ,1581187642,85,78.22,15.64,21.2,2.24
258,Orotukan,93,RU,1581187642,89,62.27,151.7,-28.95,0.54
259,Mezen,100,RU,1581187642,94,65.85,44.24,12.52,11.27
260,The Valley,40,AI,1581187642,61,18.22,-63.06,82.99,17.22
261,Shadegan,49,IR,1581187642,67,30.65,48.66,64.4,9.17
262,Maracacume,96,BR,1581187642,96,-2.04,-45.96,75.36,4.72
263,Kerema,100,PG,1581187642,94,-7.96,145.78,74.12,5.32
264,Nuuk,75,GL,1581187642,61,64.18,-51.72,14.0,19.46
265,Myaundzha,100,RU,1581187643,99,63.05,147.19,-23.98,0.94
266,Deputatsky,84,RU,1581187643,100,69.3,139.9,-44.48,1.77
267,Carupano,0,VE,1581187643,40,10.67,-63.26,87.71,5.95
268,Siguiri,0,GN,1581187643,6,11.67,-9.5,90.68,4.61
269,Leshukonskoye,99,RU,1581187643,96,64.9,45.76,4.98,5.55
270,Olinda,40,BR,1581187621,70,-8.01,-34.86,86.0,10.29
271,Salalah,20,OM,1581187618,60,17.02,54.09,75.2,3.36
272,Kimbe,100,PG,1581187643,94,-5.55,150.14,76.59,2.37
273,Jishou,83,CN,1581187643,89,28.32,109.72,41.54,1.95
274,Kavaratti,0,IN,1581187643,68,10.57,72.64,80.15,11.59
275,Ntchisi,100,MW,1581187643,99,-13.53,33.91,68.74,2.44
276,Abu Samrah,80,SY,1581187643,46,35.3,37.18,37.51,17.22
277,Saint Anthony,1,US,1581187644,56,45.02,-93.22,17.6,6.93
278,Alakurtti,75,RU,1581187644,94,66.97,30.35,23.0,3.0
279,Whitianga,38,NZ,1581187644,84,-36.83,175.7,60.01,1.01
280,Moron,4,AR,1581187626,57,-34.65,-58.62,84.99,11.41
281,Disna,99,BY,1581187644,96,55.57,28.2,33.21,5.77
282,Sobolevo,99,RU,1581187644,87,54.43,31.9,25.18,5.17
283,Macae,20,BR,1581187644,59,-22.37,-41.79,89.6,11.41
284,Mendoza,75,AR,1581187603,61,-32.89,-68.83,78.8,8.05
285,Baharly,32,TM,1581187644,30,38.44,57.43,62.71,9.82
286,Isla Mujeres,75,MX,1581187644,78,21.23,-86.73,82.4,10.29
287,Caravelas,100,BR,1581187644,72,-17.71,-39.25,81.01,6.78
288,Tongren,99,CN,1581187645,93,27.72,109.19,40.73,2.01
289,Tuatapere,48,NZ,1581187645,94,-46.13,167.68,52.0,15.01
290,Jiuquan,0,CN,1581187645,26,39.74,98.52,23.0,1.9
291,La Romana,40,DO,1581187502,62,18.43,-68.97,87.8,11.41
292,Srednekolymsk,2,RU,1581187645,90,67.45,153.68,-35.66,2.28
293,Atar,68,MR,1581187645,11,20.52,-13.05,87.8,16.11
294,Northam,40,GB,1581187645,81,51.03,-4.22,50.0,23.04
295,Mildura,90,AU,1581187645,93,-34.2,142.15,66.2,10.29
296,Bilibino,78,RU,1581187645,78,68.05,166.44,-23.48,2.44
297,Nyrob,46,RU,1581187645,98,60.73,56.72,-9.29,2.8
298,Sopotnica,0,MK,1581187645,79,41.29,21.16,28.4,2.24
299,Olga,0,RU,1581187645,64,43.74,135.29,11.52,22.28
300,Xining,100,CN,1581187645,69,36.62,101.77,18.82,0.81
301,Novooleksiyivka,100,UA,1581187646,65,46.23,34.64,26.76,18.79
302,Mareeba,71,AU,1581187646,83,-17.0,145.43,78.8,2.24
303,Rio Verde de Mato Grosso,30,BR,1581187646,61,-18.92,-54.84,86.07,4.74
304,Sao Caetano de Odivelas,100,BR,1581187646,98,-0.75,-48.02,73.33,4.54
305,Chiang Khong,36,TH,1581187646,93,20.26,100.4,68.0,2.3
306,Rodrigues Alves,75,BR,1581187646,59,-7.74,-72.65,91.4,5.82
307,Maragogi,56,BR,1581187646,73,-9.01,-35.22,81.95,11.01
308,North Bend,90,US,1581187646,75,43.41,-124.22,46.4,11.41
309,Los Llanos de Aridane,20,ES,1581187646,72,28.66,-17.92,66.2,16.11
310,Devonport,2,AU,1581187646,86,-41.17,146.35,53.01,16.4
311,Orissaare,90,EE,1581187646,93,58.56,23.08,37.99,10.29
312,Jining,0,CN,1581187647,45,35.41,116.58,42.01,1.01
313,Conceicao da Barra,27,BR,1581187647,69,-18.59,-39.73,81.16,6.4
314,Harper,33,LR,1581187647,75,4.38,-7.72,82.35,6.76
315,Novovarshavka,100,RU,1581187647,97,54.17,74.69,34.74,12.97
316,Santander,20,ES,1581187587,87,43.46,-3.8,53.01,5.82
317,Santa Maria,40,BR,1581187628,52,-29.68,-53.81,93.2,5.82
318,Dingcheng,0,CN,1581187647,78,32.13,115.04,41.59,2.55
319,Cidreira,30,BR,1581187634,86,-30.18,-50.21,78.12,17.45
320,Tilichiki,0,RU,1581187647,87,60.47,166.1,-31.94,8.99
321,Bonavista,86,CA,1581187647,74,48.65,-53.11,28.0,25.99
322,Kibala,16,TD,1581187647,22,9.11,18.35,89.6,5.21
323,Arrecife,40,ES,1581187647,68,28.96,-13.55,68.0,20.8
324,Isangel,87,VU,1581187647,87,-19.55,169.27,80.13,18.41
325,Bure,32,ET,1581187647,34,10.7,37.07,72.59,6.24
326,Bagan,100,RU,1581187648,98,54.1,77.66,34.05,12.64
327,Korla,0,CN,1581187648,65,41.76,86.15,35.01,3.0
328,Lengshuitan,100,CN,1581187648,89,26.41,111.6,44.26,3.33
329,Nova Olimpia,84,BR,1581187648,82,-14.8,-57.29,83.28,5.37
330,Nikolskoye,90,RU,1581187648,92,59.7,30.79,28.99,6.71
331,Santiago del Estero,50,AR,1581187648,53,-27.8,-64.26,87.46,6.6
332,Bathsheba,40,BB,1581187648,62,13.22,-59.52,84.2,21.92
333,Geelong,100,AU,1581187593,82,-38.15,144.36,69.01,20.8
334,Bereda,20,ES,1581187648,71,43.27,-7.54,53.01,6.93
335,Ulladulla,90,AU,1581187391,100,-35.35,150.47,68.0,19.46
336,Yulara,0,AU,1581187648,20,-25.24,130.99,86.0,8.05
337,Acajutla,0,SV,1581187649,73,13.59,-89.83,81.25,9.19
338,Jishu,2,CN,1581187649,79,44.32,126.8,-2.31,6.87
339,Ancud,0,CL,1581187649,43,-41.87,-73.82,71.6,8.05
340,Constitucion,0,CL,1581187649,36,-35.33,-72.42,72.43,8.66
341,Carberry,90,CA,1581187649,72,49.87,-99.36,15.8,3.36
342,Concordia,40,AR,1581187649,74,-31.39,-58.02,82.4,13.87
343,Gaspe,75,CA,1581187632,52,48.83,-64.48,17.6,13.87
344,Ixtapa,40,MX,1581187649,53,20.7,-105.2,82.0,9.17
345,Viedma,16,AR,1581187649,50,-40.81,-63.0,68.05,12.95
346,Tazovsky,98,RU,1581187649,94,67.47,78.7,-10.95,7.78
347,Port Antonio,20,JM,1581187649,62,18.18,-76.46,86.0,17.22
348,Carutapera,100,BR,1581187649,81,-1.2,-46.02,78.62,19.39
349,Sovetskiy,5,RU,1581187650,91,61.36,63.58,-7.67,3.78
350,Mayo,40,US,1581187650,38,38.89,-76.51,45.0,9.17
351,Khatanga,66,RU,1581187650,96,71.97,102.5,-11.38,4.94
352,Dingle,78,PH,1581187650,97,11.0,122.67,73.4,6.85
353,Gambo,42,CF,1581187650,32,4.65,22.26,82.11,0.45
354,Portland,90,US,1581187485,70,45.52,-122.68,46.99,4.7
355,Meulaboh,87,ID,1581187650,73,4.14,96.13,82.26,6.82
356,Paraty,75,BR,1581187460,36,-23.22,-44.71,91.4,5.82
357,Alihe,66,CN,1581187650,94,50.57,123.72,-5.3,3.0
358,Puerto Ayacucho,20,VE,1581187650,41,5.66,-67.62,93.2,11.41
359,Racale,5,IT,1581187650,66,39.96,18.09,48.2,6.93
360,Rudnya,93,RU,1581187651,96,54.95,31.09,26.76,4.21
361,La Orilla,10,MX,1581187651,34,17.98,-102.23,89.92,1.5
362,Zhezkazgan,100,KZ,1581187651,95,47.8,67.71,34.07,4.43
363,Davidson,40,US,1581187651,49,36.15,-86.78,50.0,12.75
364,Koshurnikovo,100,RU,1581187651,94,54.17,93.3,23.38,2.84
365,Namatanai,100,PG,1581187651,72,-3.67,152.43,82.94,8.28
366,Padra,0,IN,1581187651,26,22.23,73.08,67.71,12.84
367,Aguimes,40,ES,1581187651,68,27.91,-15.45,68.0,24.16
368,Den Helder,90,NL,1581187572,100,52.96,4.76,48.0,11.41
369,Beringovskiy,81,RU,1581187651,94,63.05,179.32,-17.99,17.96
370,Port Blair,4,IN,1581187651,71,11.67,92.75,79.68,7.65
371,Sioux Lookout,90,CA,1581187651,71,50.1,-91.92,6.8,10.29
372,Ayan,0,RU,1581187651,58,56.45,138.17,-17.12,4.47
373,Banda Aceh,36,ID,1581187652,92,5.56,95.32,71.47,6.04
374,Vetapalem,0,IN,1581187652,87,15.78,80.32,70.84,6.29
375,Khovu-Aksy,92,RU,1581187652,80,51.13,93.6,5.16,13.89
376,Lakatoro,90,VU,1581187652,83,-16.1,167.42,80.6,8.05
377,Ambulu,84,ID,1581187652,81,-8.35,113.61,80.37,6.91
378,DeKalb County,90,US,1581187652,100,33.75,-84.23,41.0,3.36
379,Nemuro,96,JP,1581187652,68,43.32,145.57,14.14,15.61
380,Vestmanna,79,FO,1581187652,93,62.16,-7.17,37.4,24.16
381,Mugur-Aksy,100,RU,1581187652,64,50.35,90.5,6.98,7.0
382,Minab,11,IR,1581187652,77,27.15,57.08,66.2,4.7
383,Benjamin Hill,7,MX,1581187563,28,30.17,-111.1,73.0,1.99
384,Antigonish,75,CA,1581187652,73,45.62,-62.0,24.01,19.46
385,La Baule-Escoublac,75,FR,1581187652,93,47.29,-2.36,48.99,6.93
386,Manjacaze,63,MZ,1581187653,75,-24.71,33.88,80.89,8.3
387,Mascote,75,BR,1581187653,79,-15.56,-39.3,84.2,5.82
388,Cam Ranh,75,VN,1581187653,88,11.92,109.16,77.0,14.99
389,Paita,40,PE,1581187653,100,-5.09,-81.11,62.6,14.99
390,Masuda,93,JP,1581187653,31,34.67,131.85,39.0,1.01
391,Palmer,90,US,1581187399,43,42.16,-72.33,37.0,16.11
392,Biabou,75,VC,1581187653,78,13.2,-61.13,82.4,20.8
393,Alenquer,75,BR,1581187653,83,-1.94,-54.74,80.6,11.41
394,Kedougou,0,SN,1581187653,22,12.56,-12.17,98.6,6.93
395,Strezhevoy,90,RU,1581187653,84,60.73,77.59,3.2,6.71
396,Nelson Bay,90,AU,1581187653,94,-32.72,152.15,70.0,28.86
397,Sabanagrande,40,CO,1581187653,52,10.79,-74.76,89.6,13.87
398,Yar-Sale,0,RU,1581187654,89,66.83,70.83,-9.35,8.12
399,Pitimbu,40,BR,1581187654,58,-7.47,-34.81,87.8,13.87
400,Julfa,90,AZ,1581187654,75,38.96,45.63,41.0,11.41
401,Big Spring,1,US,1581187654,47,32.25,-101.48,57.99,12.75
402,Aleksandrov Gay,76,RU,1581187654,86,50.15,48.57,14.45,13.47
403,Lagoa,100,PT,1581187654,86,39.05,-27.98,63.32,21.5
404,Yoichi,34,JP,1581187654,46,43.2,140.77,1.99,3.02
405,Naze,75,JP,1581187654,71,28.37,129.48,57.2,20.8
406,Fereydunkenar,20,IR,1581187654,81,36.69,52.52,51.8,6.93
407,Caucaia,20,BR,1581187654,62,-3.74,-38.65,86.0,16.11
408,Chicama,20,PE,1581187654,83,-7.84,-79.15,73.4,6.93
409,Sakaiminato,75,JP,1581187654,59,35.55,133.23,37.4,16.11
410,Derazhnya,90,UA,1581187655,76,49.27,27.43,24.84,6.26
411,Birjand,0,IR,1581187624,31,32.87,59.22,48.2,21.92
412,Kasongo-Lunda,99,CD,1581187655,86,-6.47,16.82,72.99,1.57
413,Havre-Saint-Pierre,1,CA,1581187656,46,50.23,-63.6,8.6,13.87
414,Villazon,72,BO,1581187656,50,-22.09,-65.59,62.6,16.62
415,Mananjary,49,MG,1581187656,82,-21.22,48.33,79.57,10.2
416,Santa Fe,9,AR,1581187560,75,-31.63,-60.7,88.0,4.0
417,Malazgirt,100,TR,1581187656,96,39.14,42.54,13.48,3.2
418,Gimli,96,CA,1581187478,86,50.63,-96.99,14.0,5.01
419,Toora-Khem,89,RU,1581187657,88,52.47,96.11,13.53,2.84
420,Sinnamary,42,GF,1581187657,77,5.38,-52.95,79.81,17.05
421,Sur,63,OM,1581187657,63,22.57,59.53,67.37,3.04
422,Beira,40,MZ,1581187657,83,-19.84,34.84,82.4,81.65
423,Bengkulu,100,ID,1581187657,89,-3.8,102.27,72.23,3.31
424,Sakakah,4,SA,1581187658,32,29.97,40.21,53.6,23.04
425,Aklavik,40,CA,1581187658,74,68.22,-135.01,-20.2,1.43
426,Nizwa,87,OM,1581187384,39,22.93,57.53,65.44,3.74
427,Labuhan,97,ID,1581187658,90,-6.88,112.21,75.76,2.62
428,Poum,78,NC,1581187658,81,-20.23,164.02,81.77,26.78
429,Kassala,45,SD,1581187658,58,15.45,36.4,73.38,10.4
430,Pasni,0,PK,1581187658,61,25.26,63.47,67.59,3.04
431,Rozkishne,99,UA,1581187658,90,48.5,37.59,14.36,7.27
432,Edendale,81,ZA,1581187658,85,-29.65,30.31,73.99,1.01
433,Quebo,0,GW,1581187659,14,11.33,-14.93,94.17,9.8
434,Avera,90,US,1581187659,86,33.19,-82.53,51.8,4.7
435,Ahipara,72,NZ,1581187659,100,-35.17,173.17,57.0,13.42
436,Dunedin,100,NZ,1581187659,70,-45.87,170.5,52.0,4.0
437,Cologne,88,DE,1581187490,75,50.93,6.95,50.0,3.36
438,Laas,99,IT,1581187659,54,46.62,10.7,37.4,4.7
439,Beloha,0,MG,1581187659,81,-25.17,45.05,75.87,9.89
440,Pemangkat,100,ID,1581187659,87,1.17,108.97,76.41,3.85
441,Kushmurun,100,KZ,1581187659,91,52.45,64.63,6.44,5.86
442,General Roca,40,AR,1581187659,50,-39.03,-67.58,78.8,13.87
443,Uglekamensk,0,RU,1581187659,71,43.22,133.23,1.72,4.83
444,Cravo Norte,49,CO,1581187659,29,6.3,-70.2,96.51,13.02
445,Sampit,100,ID,1581187660,95,-2.53,112.95,76.03,1.63
446,Teshie,57,GH,1581187660,70,5.58,-0.11,86.0,8.05
447,Kununurra,25,AU,1581187660,94,-15.77,128.73,78.8,6.93
448,Tlacote el Bajo,40,MX,1581187660,30,20.65,-100.5,73.0,6.93
449,Santa Rosa,75,PH,1581187660,88,14.31,121.11,77.0,3.36
450,Saint-Augustin,100,CA,1581187660,74,51.23,-58.65,7.41,14.65
451,Pochutla,40,MX,1581187660,55,15.74,-96.47,89.6,10.29
452,Camacha,20,PT,1581187660,82,33.08,-16.33,66.2,12.75
453,Remanso,100,BR,1581187488,64,-9.62,-42.08,82.76,2.95
454,Juba,27,SS,1581187660,30,4.85,31.58,88.39,5.41
455,Clarence Town,90,AU,1581187660,94,-32.58,151.78,71.01,28.86
456,Muhafazat Lahij,0,YE,1581187661,66,13.17,44.58,73.4,9.84
457,Skibbereen,75,IE,1581187661,100,51.55,-9.27,46.4,28.86
458,Rio Grande,20,BR,1581187490,47,-32.03,-52.1,96.8,16.11
459,Eldorado,18,BR,1581187661,53,-23.79,-54.28,88.36,5.82
460,Victoria Falls,100,ZW,1581187661,96,-17.92,25.84,69.12,7.18
461,Manama,0,BH,1581187661,56,26.22,50.58,73.4,12.75
462,Auki,100,SB,1581187661,79,-8.77,160.7,84.11,25.59
463,Anadyr,100,RU,1581187661,75,64.75,177.48,-16.01,13.42
464,Peleduy,12,RU,1581187661,97,59.63,112.74,1.26,4.56
465,Karpathos,20,GR,1581187661,45,35.51,27.21,46.4,16.11
466,Gandorhun,0,SL,1581187661,58,7.5,-11.83,85.66,8.48
467,Rorvik,84,NO,1581187662,72,64.86,11.24,39.87,21.43
468,Sorland,85,NO,1581187662,76,67.67,12.69,41.67,15.46
469,Catherinas Lust,0,GY,1581187662,65,6.4,-57.6,79.75,11.54
470,Mosquera,40,CO,1581187446,49,4.71,-74.23,69.8,11.41
471,Uncia,100,BO,1581187662,90,-18.47,-66.57,44.51,3.15
472,Traismauer,20,AT,1581187662,69,48.35,15.76,39.2,11.41
473,Tommot,100,RU,1581187662,97,58.96,126.29,0.41,1.7
474,Sisimiut,100,GL,1581187662,95,66.94,-53.67,-2.52,11.54
475,Plattling,16,DE,1581187662,79,48.78,12.87,35.01,2.26
476,Iquique,75,CL,1581187662,57,-20.22,-70.14,75.2,17.22
477,Matagami,1,CA,1581187663,58,49.75,-77.63,-4.0,6.93
478,Gao,0,ML,1581187663,11,16.64,1.64,78.19,11.56
479,Nagornyy,100,RU,1581187663,59,52.8,83.55,37.4,17.9
480,Vanimo,94,PG,1581187663,82,-2.67,141.3,81.23,16.46
481,Araceli,23,PH,1581187663,84,10.55,119.99,80.29,20.74
482,Acari,93,PE,1581187663,71,-15.43,-74.62,71.78,9.08
483,Wanning,100,CN,1581187663,83,18.8,110.4,67.32,11.99
484,San Rafael,78,AR,1581187663,47,-34.62,-68.33,79.07,12.97
485,Colac,74,AU,1581187663,93,-38.33,143.58,66.99,8.01
486,Amuntai,100,ID,1581187663,95,-2.42,115.25,73.31,1.32
487,Liliani,0,PK,1581187663,43,32.21,72.95,49.82,0.87
488,Lokoja,2,NG,1581187664,14,7.8,6.74,87.66,1.14
489,Soubre,54,CI,1581187664,17,5.79,-6.61,92.07,1.45
490,Lisala,99,CD,1581187664,43,2.15,21.52,83.8,1.21
491,Olafsvik,100,IS,1581187664,76,64.89,-23.71,36.32,14.79
492,Warrenton,73,ZA,1581187664,86,-28.11,24.85,66.04,8.75
493,Kalmunai,11,LK,1581187664,71,7.42,81.82,79.41,10.45
494,Yangi Marg`ilon,0,UZ,1581187664,60,40.43,71.72,39.2,4.7
495,Hofn,100,IS,1581187664,70,64.25,-15.21,40.05,15.03
496,Linares,0,CL,1581187664,6,-35.85,-71.6,99.45,5.91
497,Imbituba,40,BR,1581187664,79,-28.24,-48.67,86.0,14.99
498,'Ahuimanu,75,US,1581187664,77,21.44,-157.84,66.2,3.36
499,Cap Malheureux,75,MU,1581187664,88,-19.98,57.61,77.0,10.29
500,Partyzany,100,UA,1581187664,77,46.33,34.75,21.79,7.31
501,Port Macquarie,90,AU,1581187623,100,-31.43,152.92,70.0,24.25
502,Goderich,61,CA,1581187665,77,43.75,-81.72,21.99,1.01
503,Aginskoye,24,RU,1581187665,83,51.1,114.53,11.82,13.69
504,Muyezerskiy,88,RU,1581187665,96,63.93,31.65,29.97,13.24
505,Stornoway,100,GB,1581187665,93,58.21,-6.39,37.4,14.99
506,Sao Joao da Barra,20,BR,1581187665,62,-21.64,-41.05,86.0,13.87
507,Waingapu,100,ID,1581187665,76,-9.66,120.26,84.0,12.12
508,Kokuy,100,RU,1581187665,98,52.2,117.55,-0.15,0.54
509,Taoudenni,100,ML,1581187665,6,22.68,-3.98,76.6,11.18
510,Torrington,75,US,1581187665,47,41.8,-73.12,41.0,9.17
511,Issia,72,CI,1581187665,13,6.49,-6.59,91.51,2.04
512,Namikupa,54,TZ,1581187665,96,-10.83,39.6,73.85,3.6
513,Pudozh,99,RU,1581187665,98,61.81,36.53,18.43,5.41
514,Verkhnyaya Inta,98,RU,1581187666,96,65.98,60.31,-9.18,12.75
515,Tura,42,IN,1581187666,48,25.52,90.22,63.27,2.8
516,Aksarka,29,RU,1581187666,88,66.56,67.8,-5.06,11.14
517,Kiunga,100,PG,1581187666,99,-6.12,141.29,72.81,0.47
518,Kumluca,0,TR,1581187666,40,36.37,30.29,33.15,11.14
519,Sinjar,51,IQ,1581187666,66,36.32,41.88,36.25,31.81
520,Rio Gallegos,20,AR,1581187666,27,-51.62,-69.22,73.4,8.05
521,Zhangye,0,CN,1581187413,31,38.93,100.45,29.03,6.22
522,Sterling,90,US,1581187666,44,39.01,-77.43,45.0,4.7
523,Moose Factory,1,CA,1581187666,49,51.26,-80.61,-0.4,19.46
524,Goksun,18,TR,1581187666,91,38.02,36.5,32.0,21.92
525,Aksay,40,RU,1581187666,84,47.26,39.87,8.6,4.47
526,Matara,73,LK,1581187666,75,5.95,80.54,73.6,7.43
527,Nueve de Julio,0,AR,1581187667,42,-35.44,-60.88,84.99,5.99
528,Kiryat Gat,75,IL,1581187667,58,31.61,34.76,54.0,23.04
529,Nambucca Heads,75,AU,1581187667,94,-30.65,153.0,71.6,6.93
530,Rongcheng,14,CN,1581187667,94,30.63,117.85,36.82,0.72
531,Moa,37,CU,1581187667,45,20.66,-74.94,82.72,7.94
532,Zhalantun,34,CN,1581187667,85,48.0,122.72,3.27,3.15
533,La Empalizada,100,MX,1581187667,89,21.31,-97.66,69.19,8.63
534,Santiago,0,CL,1581187659,15,-33.46,-70.65,93.0,6.93
535,Bairiki Village,75,KI,1581187667,78,1.33,172.98,78.8,2.24
536,Warrington,40,GB,1581187475,87,53.39,-2.58,48.2,20.8
537,Abha,62,SA,1581187667,87,18.22,42.51,62.6,2.89
538,Walvis Bay,35,,1581187667,77,-22.96,14.51,66.2,16.11
539,Mossamedes,91,AO,1581187668,86,-15.2,12.15,76.01,13.09
540,Lima,75,PE,1581187503,65,-12.04,-77.03,80.6,8.05
541,Broome,90,US,1581187668,79,42.25,-75.83,30.99,6.93
542,Caloundra,75,AU,1581187668,100,-26.8,153.13,73.99,6.93
543,Vorotynets,0,RU,1581187668,96,56.06,45.86,-2.54,5.08
544,Xiaoweizhai,100,CN,1581187668,95,26.19,107.51,37.72,5.12
545,Vieste,5,IT,1581187668,100,41.88,16.18,46.99,6.93
546,General Nakar,97,PH,1581187668,95,14.76,121.64,71.53,15.55
547,Kayerkan,97,RU,1581187669,83,69.35,87.76,-14.8,11.18
548,Vardo,75,NO,1581187669,86,70.37,31.11,37.4,5.82
549,Ullapool,83,GB,1581187669,87,57.9,-5.16,42.01,5.99
550,Menongue,99,AO,1581187669,92,-14.66,17.69,65.89,5.91
551,Krasyukovskaya,40,RU,1581187669,84,47.55,40.11,8.6,4.47
552,Coyhaique,40,CL,1581187669,28,-45.58,-72.07,68.0,5.82
553,Pringsewu,98,ID,1581187669,95,-5.36,104.97,71.87,0.65
554,Lampa,0,CL,1581187669,15,-33.28,-70.9,93.0,17.22
555,Egvekinot,100,RU,1581187669,94,66.32,-179.17,-20.16,15.66
556,Mae Ramat,3,TH,1581187669,93,16.98,98.52,77.0,1.79
557,Porto Santo,20,PT,1581187669,82,33.07,-16.34,66.2,12.75
558,Meadow Lake,1,US,1581187670,28,34.8,-106.54,57.2,10.29
559,Makakilo City,75,US,1581187670,100,21.35,-158.09,66.2,5.82
560,Verkhoyansk,0,RU,1581187670,81,67.54,133.38,-37.26,0.31
561,Opuwo,75,,1581187670,38,-18.06,13.84,78.87,11.61
562,Ispravnaya,100,RU,1581187670,8,44.07,41.61,12.0,11.01
563,Vallenar,0,CL,1581187670,46,-28.57,-70.76,75.51,12.86
