,City,Cloudiness,Country,Date,Humidity,Lat,Lng,Max Temp,Wind Speed
0,Klaksvik,100,FO,1580239795,100,62.23,-6.59,30.2,1.12
1,Muli,0,MV,1580239795,75,2.92,73.57,81.07,15.77
2,Suhaia,20,RO,1580239795,86,43.73,25.25,41.0,2.24
3,Coelho Neto,51,BR,1580239795,84,-4.26,-43.01,85.19,3.85
4,Abu Samrah,98,SY,1580239606,76,35.3,37.18,49.95,6.78
5,Bluff,86,NZ,1580239228,80,-46.6,168.33,61.0,5.77
6,Rikitea,100,PF,1580239235,79,-23.12,-134.97,79.0,11.34
7,Lompoc,1,US,1580239238,51,34.64,-120.46,71.01,12.75
8,Chinsali,62,ZM,1580239796,95,-10.54,32.08,66.92,4.5
9,Barrow,1,US,1580239249,67,71.29,-156.79,-27.4,4.7
10,Punta Arenas,40,CL,1580239338,50,-53.15,-70.92,53.6,33.33
11,Salihli,0,TR,1580239796,82,38.48,28.15,47.1,3.47
12,Kirakira,86,SB,1580239299,84,-10.45,161.92,77.52,2.57
13,Oxford,20,GB,1580239500,100,51.75,-1.26,39.2,8.05
14,Usinsk,20,RU,1580239796,98,65.99,57.53,-22.79,6.98
15,Mitchell,90,US,1580239645,92,43.71,-98.03,26.6,5.82
16,Yulara,0,AU,1580239797,18,-25.24,130.99,84.2,10.29
17,Busselton,11,AU,1580239539,53,-33.65,115.33,66.0,5.97
18,Carnarvon,0,AU,1580239553,88,-24.87,113.63,77.0,20.8
19,Mar del Plata,11,AR,1580239554,28,-38.0,-57.56,91.99,26.4
20,Vaini,75,TO,1580239159,100,-21.2,-175.2,77.0,1.12
21,Albany,90,US,1580239164,59,42.6,-73.97,37.0,16.11
22,Tasiilaq,75,GL,1580239550,54,65.61,-37.64,28.4,2.24
23,Mosetse,55,BW,1580239797,44,-20.75,26.65,82.33,13.71
24,Ginir,67,ET,1580239797,90,7.13,40.7,59.43,0.69
25,Ushuaia,75,AR,1580239160,81,-54.8,-68.3,48.2,29.97
26,Tuktoyaktuk,75,CA,1580239544,74,69.45,-133.04,-23.8,8.05
27,Puerto Ayora,20,EC,1580239797,62,-0.74,-90.35,86.0,9.17
28,Souillac,20,MU,1580239797,78,-20.52,57.52,75.2,3.36
29,Durham,1,US,1580239651,43,36.03,-78.87,54.0,4.7
30,Isangel,75,VU,1580239798,94,-19.55,169.27,73.4,11.52
31,Darnah,1,LY,1580239701,73,32.77,22.64,60.28,19.37
32,George Town,20,MY,1580239798,83,5.41,100.34,84.0,8.05
33,East London,0,ZA,1580239798,77,-33.02,27.91,66.2,5.82
34,New Norfolk,75,AU,1580239540,67,-42.78,147.06,62.6,11.41
35,Cape Town,75,ZA,1580239647,82,-33.93,18.42,71.01,12.75
36,Garachine,0,PA,1580239798,74,8.06,-78.36,80.46,8.99
37,Torbay,90,CA,1580239798,100,47.67,-52.73,32.0,9.17
38,Chokurdakh,95,RU,1580239798,98,70.63,147.92,-24.38,8.93
39,Praia da Vitoria,75,PT,1580239671,88,38.73,-27.07,66.2,22.62
40,Oodweyne,1,SO,1580239798,45,9.41,45.06,68.97,11.81
41,Saskylakh,38,RU,1580239294,96,71.92,114.08,-18.58,8.16
42,Belmonte,40,BR,1580239798,79,-15.86,-38.88,86.0,11.41
43,Puerto Cabezas,40,NI,1580239799,74,14.04,-83.39,84.2,6.93
44,Norman Wells,75,CA,1580239666,74,65.28,-126.83,-25.6,3.36
45,Sagua la Grande,75,CU,1580239799,51,22.81,-80.08,84.2,10.29
46,Vila Velha,75,BR,1580239465,79,-20.33,-40.29,84.99,14.99
47,Mataura,100,NZ,1580239328,80,-46.19,168.86,61.0,1.86
48,Yangi Marg`ilon,0,UZ,1580239537,80,40.43,71.72,33.8,2.24
49,Pevek,100,RU,1580239553,96,69.7,170.31,-0.35,7.92
50,Minab,0,IR,1580239800,81,27.15,57.08,51.8,2.24
51,Arraial do Cabo,20,BR,1580239379,74,-22.97,-42.03,89.6,9.17
52,Watsa,90,CD,1580239800,41,3.04,29.54,70.84,2.35
53,Hermanus,3,ZA,1580239305,92,-34.42,19.23,66.0,8.01
54,Upernavik,100,GL,1580239083,90,72.79,-56.15,-12.66,4.59
55,Dongtai,0,CN,1580239800,78,32.85,120.31,42.01,5.5
56,Dikson,56,RU,1580239258,98,73.51,80.55,-13.85,12.35
57,Lisakovsk,0,KZ,1580239800,87,52.54,62.49,-3.66,7.4
58,Tiksi,97,RU,1580239363,87,71.69,128.87,-23.21,4.18
59,Chirawa,44,IN,1580239800,64,28.24,75.64,55.04,6.78
60,Asau,40,RO,1580239414,80,46.43,26.4,39.2,5.82
61,Port Elizabeth,0,ZA,1580239202,88,-33.92,25.57,64.4,14.99
62,Esperance,90,AU,1580239329,100,-33.87,121.9,66.2,8.05
63,Tabuk,37,PH,1580239801,92,17.42,121.44,65.86,5.59
64,Alenquer,75,BR,1580239801,70,-1.94,-54.74,86.0,3.36
65,Te Horo,100,NZ,1580239801,88,-40.81,175.12,69.01,21.92
66,Nara,90,JP,1580239685,93,34.69,135.8,52.0,18.34
67,Bredasdorp,0,ZA,1580239250,72,-34.53,20.04,68.0,11.65
68,Maceio,40,BR,1580239519,66,-9.67,-35.74,86.0,13.87
69,Jamestown,90,US,1580239289,86,42.1,-79.24,34.0,9.17
70,Acarau,57,BR,1580239702,60,-2.89,-40.12,87.31,12.01
71,Nikolskoye,90,RU,1580239111,95,59.7,30.79,32.0,11.18
72,Hervey Bay,17,AU,1580239801,94,-25.3,152.85,75.0,1.12
73,Hilo,90,US,1580239155,83,19.73,-155.09,72.0,11.41
74,Yellowknife,90,CA,1580239293,84,62.46,-114.35,1.0,6.93
75,Boguchany,100,RU,1580239802,95,58.38,97.45,15.55,3.49
76,Lavrentiya,0,RU,1580239802,79,65.58,-171.0,-12.37,7.52
77,Palmer,90,US,1580239342,48,42.16,-72.33,39.2,14.99
78,Bosaso,0,SO,1580239802,62,11.28,49.18,74.07,25.43
79,Cabo San Lucas,5,MX,1580239254,49,22.89,-109.91,79.0,8.05
80,Leningradskiy,94,RU,1580239491,91,69.38,178.42,-11.38,9.28
81,Prince Rupert,90,CA,1580239752,93,54.32,-130.32,41.0,3.36
82,Koygorodok,0,RU,1580239803,97,60.45,51.0,-15.16,4.07
83,Banda Aceh,99,ID,1580239600,90,5.56,95.32,73.49,1.97
84,Hoquiam,90,US,1580239803,100,46.98,-123.89,53.01,8.88
85,Mount Isa,90,AU,1580239538,94,-20.73,139.5,75.2,11.41
86,Saint-Philippe,20,RE,1580239180,73,-21.36,55.77,73.4,5.82
87,Houma,75,US,1580239794,72,29.6,-90.72,66.99,6.93
88,Kirkuk,96,IQ,1580239644,57,35.47,44.39,48.18,4.9
89,Naze,75,JP,1580239538,77,28.37,129.48,60.8,16.11
90,Sunrise Manor,20,US,1580239804,33,36.21,-115.07,59.0,3.36
91,Qaanaaq,96,GL,1580239167,80,77.48,-69.36,-11.74,2.01
92,Barra de Tecoanapa,0,MX,1580239805,50,16.52,-98.75,87.62,11.23
93,Urucuca,20,BR,1580239805,66,-14.59,-39.28,87.8,9.17
94,Aklavik,90,CA,1580239348,74,68.22,-135.01,-22.0,11.41
95,Padang,100,ID,1580239805,99,-0.95,100.35,68.45,0.56
96,Ribeira Grande,75,PT,1580239237,100,38.52,-28.7,62.6,13.87
97,Gisborne,6,NZ,1580239792,91,-38.65,178.0,63.54,2.71
98,Butaritari,90,KI,1580239253,81,3.07,172.79,83.73,18.75
99,Ubinskoye,93,RU,1580239805,95,55.31,79.68,5.97,10.25
100,Santa Cruz de la Sierra,75,BO,1580239752,49,-17.8,-63.17,91.4,3.36
101,Agadir,0,MA,1580239564,37,30.42,-9.6,66.2,9.17
102,Bilma,82,NE,1580239337,8,18.69,12.92,68.94,4.9
103,Kaitangata,100,NZ,1580239576,89,-46.28,169.85,60.01,1.01
104,Jutai,100,BR,1580239685,95,-5.18,-68.9,77.58,2.53
105,Atuona,1,PF,1580239165,79,-9.8,-139.03,80.98,15.19
106,Salalah,0,OM,1580239423,19,17.02,54.09,68.0,9.17
107,Codrington,32,AU,1580239413,88,-38.27,141.97,60.91,8.99
108,Saint-Leu,60,RE,1580239806,73,-21.15,55.28,73.4,5.82
109,Carballo,90,ES,1580239806,93,43.21,-8.69,54.0,1.12
110,Saurimo,67,AO,1580239806,94,-9.66,20.39,67.62,1.77
111,Mahebourg,20,MU,1580239317,78,-20.41,57.7,75.2,3.36
112,Kapaa,1,US,1580239264,88,22.08,-159.32,73.4,8.05
113,Arnold,75,GB,1580239807,80,53.0,-1.13,41.0,14.99
114,Wilmington Island,20,US,1580239807,36,32.0,-80.97,64.0,5.82
115,Isla Vista,1,US,1580239807,52,34.41,-119.86,71.01,5.82
116,Goundam,0,ML,1580239807,8,16.41,-3.67,77.11,9.51
117,Paamiut,1,GL,1580239368,51,61.99,-49.67,13.08,11.81
118,Khatanga,81,RU,1580239273,97,71.97,102.5,-5.8,7.99
119,Rio Gallegos,40,AR,1580239611,44,-51.62,-69.22,57.2,35.57
120,Cherskiy,100,RU,1580239576,97,68.75,161.3,-22.32,10.16
121,Port Alfred,0,ZA,1580239275,84,-33.59,26.89,66.0,3.0
122,Neuquen,20,AR,1580239524,21,-38.95,-68.06,84.2,17.22
123,Green River,90,US,1580239566,68,41.53,-109.47,33.01,19.46
124,Katsuura,75,JP,1580239286,93,35.13,140.3,48.99,18.34
125,Mossamedes,83,AO,1580239630,85,-15.2,12.15,75.45,12.8
126,Labuhan,51,ID,1580239562,89,-6.88,112.21,76.93,1.81
127,Barcelos,90,PT,1580239446,100,41.54,-8.62,59.0,11.41
128,Arrondissement de Toul,75,FR,1580239808,93,48.67,5.92,39.2,12.75
129,Laguna,90,US,1580239167,76,38.42,-121.42,60.01,4.7
130,Korla,0,CN,1580239589,92,41.76,86.15,30.99,1.99
131,Valleyview,71,CA,1580239808,83,55.07,-117.29,25.97,4.16
132,Rawson,33,AR,1580239319,70,-43.3,-65.1,60.1,20.83
133,Boa Vista,40,BR,1580239669,44,2.82,-60.67,93.2,10.29
134,Ponta do Sol,20,PT,1580239387,67,32.67,-17.1,62.6,4.7
135,Bethel,90,US,1580239346,64,41.37,-73.41,42.01,8.05
136,Waingapu,99,ID,1580239497,78,-9.66,120.26,83.7,8.61
137,Kostomuksha,100,RU,1580239809,93,64.57,30.58,15.91,10.0
138,Tuatapere,68,NZ,1580239451,80,-46.13,167.68,61.0,3.22
139,Hasaki,75,JP,1580239529,93,35.73,140.83,59.0,24.16
140,Koppang,100,NO,1580239809,95,61.57,11.06,27.0,6.69
141,Grand Gaube,20,MU,1580239807,78,-20.01,57.66,75.2,3.36
142,Mount Gambier,90,AU,1580239565,93,-37.83,140.77,50.0,1.12
143,Cayenne,75,GF,1580239383,70,4.93,-52.33,86.0,13.87
144,Aykhal,100,RU,1580239644,96,66.0,111.5,0.57,14.7
145,Chapais,1,CA,1580239426,66,49.78,-74.85,12.2,6.93
146,Caravelas,83,BR,1580239479,83,-17.71,-39.25,80.87,12.73
147,Crucea,68,RO,1580239809,100,44.53,28.23,37.4,10.29
148,Nago,90,JP,1580239810,82,26.59,127.98,62.6,6.93
149,Faanui,93,PF,1580239375,75,-16.48,-151.75,82.47,8.7
150,Natal,20,BR,1580239810,66,-5.79,-35.21,86.0,12.75
151,Cidreira,12,BR,1580239206,72,-30.18,-50.21,74.88,13.6
152,Ancud,40,CL,1580239165,45,-41.87,-73.82,62.6,12.75
153,Longyearbyen,83,SJ,1580239199,71,78.22,15.64,3.2,8.05
154,Hobart,40,AU,1580238968,67,-42.88,147.33,62.6,10.29
155,Fukuecho,75,JP,1580239810,81,32.69,128.84,51.8,9.17
156,Severo-Yeniseyskiy,94,RU,1580239810,92,60.37,93.04,17.69,6.91
157,Pisco,75,PE,1580239333,30,-13.7,-76.22,75.99,8.05
158,Wad Rawah,5,SD,1580239810,27,15.16,33.14,66.74,10.04
159,Madison Heights,90,US,1580239810,74,42.49,-83.11,36.0,8.05
160,Cockburn Town,0,TC,1580239811,75,21.46,-71.14,77.67,10.54
161,Sitka,75,US,1580239353,95,57.05,-135.33,33.8,10.29
162,Varca,40,IN,1580239811,78,15.22,73.92,77.0,6.93
163,Bengkulu,100,ID,1580239263,90,-3.8,102.27,76.12,4.14
164,Bambous Virieux,20,MU,1580239455,78,-20.34,57.76,75.2,3.36
165,Narsaq,75,GL,1580239435,66,60.92,-46.05,15.8,1.34
166,Camacha,40,PT,1580239647,63,33.08,-16.33,62.6,6.93
167,Havre-Saint-Pierre,90,CA,1580239811,67,50.23,-63.6,17.6,5.82
168,Thompson,90,CA,1580239369,85,55.74,-97.86,14.0,6.93
169,Hamilton,90,US,1580239230,74,39.18,-84.53,36.0,3.36
170,Manggar,100,ID,1580239696,77,-2.88,108.27,82.83,5.55
171,Kyaikkami,0,MM,1580239811,69,16.08,97.57,71.4,8.88
172,Chengde,100,CN,1580239811,70,40.97,117.94,21.87,2.91
173,Emerald,75,AU,1580239812,100,-23.53,148.17,75.2,8.05
174,Reinosa,30,ES,1580239812,76,43.0,-4.14,55.0,4.7
175,Lagoa,100,PT,1580239219,88,39.05,-27.98,64.08,17.65
176,Canhotinho,100,BR,1580239812,76,-8.88,-36.19,76.37,10.89
177,Inta,96,RU,1580239812,97,66.03,60.17,-22.61,8.34
178,Iracoubo,60,GF,1580239812,83,5.48,-53.2,80.35,13.4
179,Dalbandin,0,PK,1580239812,60,28.89,64.41,43.34,6.44
180,Inhambane,0,MZ,1580239394,100,-23.86,35.38,41.0,13.2
181,Barsovo,100,RU,1580239813,75,61.17,73.17,-16.6,11.18
182,Saint George,1,US,1580239185,45,37.1,-113.58,51.8,1.79
183,Boquira,64,BR,1580239547,62,-12.82,-42.73,86.14,1.92
184,Hobyo,36,SO,1580239586,70,5.35,48.53,76.78,22.15
185,Sao Filipe,72,CV,1580239414,58,14.9,-24.5,73.62,21.32
186,George,43,ZA,1580239813,88,-33.96,22.46,64.4,2.24
187,Jalu,0,LY,1580239536,47,29.03,21.55,59.36,5.61
188,Vanavara,100,RU,1580239813,95,60.34,102.28,9.72,3.02
189,Boca do Acre,100,BR,1580239813,92,-8.75,-67.4,80.87,3.65
190,Te Anau,100,NZ,1580239813,88,-45.42,167.72,55.81,4.97
191,Provideniya,0,RU,1580239274,69,64.38,-173.3,-9.4,4.47
192,Sheffield Lake,90,US,1580239814,74,41.49,-82.1,35.01,11.41
193,Airai,100,TL,1580239173,86,-8.93,125.41,68.67,4.0
194,Gorontalo,26,ID,1580239814,94,0.54,123.06,73.38,4.56
195,Castro,11,BR,1580239227,40,-24.79,-50.01,84.76,3.47
196,Hong Kong,20,HK,1580239487,46,22.29,114.16,54.0,13.87
197,Naron,90,ES,1580239814,93,43.52,-8.15,55.0,1.12
198,Tamworth,60,GB,1580239814,80,52.63,-1.7,41.0,6.93
199,Road Town,40,VG,1580239784,74,18.42,-64.62,82.4,8.05
200,Ankazoabo,0,MG,1580239814,87,-22.28,44.52,70.75,8.93
201,Ambilobe,100,MG,1580239814,90,-13.2,49.05,76.41,3.2
202,Prachuap Khiri Khan,67,TH,1580239814,75,11.82,99.78,73.85,5.5
203,San Cristobal,40,VE,1580239345,58,7.77,-72.22,86.0,8.05
204,Gebre Guracha,50,ET,1580239815,27,9.8,38.4,64.44,3.6
205,Verkhnyaya Inta,97,RU,1580239815,99,65.98,60.31,-23.57,7.11
206,Semenyih,40,MY,1580239815,88,2.95,101.84,82.0,4.7
207,Chernyshevskiy,91,RU,1580239607,90,63.01,112.47,3.78,4.97
208,Wukari,0,NG,1580239802,14,7.85,9.78,78.1,4.21
209,Mhango,100,TZ,1580239815,96,-3.28,32.85,63.27,1.99
210,Petropavlovsk-Kamchatsky,100,RU,1580239425,73,53.05,158.65,19.4,4.47
211,Oleksandrivka,100,UA,1580239815,98,48.96,32.23,36.09,5.37
212,Ardakan,0,IR,1580239707,48,32.31,54.02,39.2,4.7
213,Luderitz,0,NA,1580239206,83,-26.65,15.16,65.23,22.19
214,Kavaratti,0,IN,1580239437,63,10.57,72.64,81.07,4.68
215,Ponta Delgada,75,PT,1580239586,100,37.73,-25.67,60.8,21.92
216,Voh,50,NC,1580239816,76,-20.97,164.7,78.55,5.7
217,Sur,0,OM,1580239404,47,22.57,59.53,64.85,16.93
218,Ketchikan,75,US,1580239308,93,55.34,-131.65,41.0,13.87
219,Constitucion,21,CL,1580239555,70,-35.33,-72.42,69.33,17.18
220,Sao Joao da Barra,20,BR,1580239500,59,-21.64,-41.05,89.6,13.87
221,Bhalki,0,IN,1580239816,47,18.03,77.22,68.67,8.28
222,Makakilo City,90,US,1580239446,73,21.35,-158.09,75.2,1.86
223,Fortuna,90,US,1580239549,87,40.6,-124.16,57.0,12.75
224,Okhotsk,0,RU,1580239344,63,59.38,143.3,-13.38,10.18
225,Gornopravdinsk,97,RU,1580239816,98,60.05,69.9,-17.14,5.79
226,Nanortalik,67,GL,1580239191,72,60.14,-45.24,22.12,16.24
227,Avarua,18,CK,1580239322,88,-21.21,-159.78,80.6,5.82
228,Smithers,75,CA,1580239817,92,54.78,-127.17,26.6,5.82
229,Iqaluit,75,CA,1580239371,67,63.75,-68.51,-22.0,20.8
230,Mugur-Aksy,44,RU,1580239817,94,50.35,90.5,-7.76,8.72
231,Quesnel,1,CA,1580239817,64,53.0,-122.5,37.4,9.17
232,Ilulissat,75,GL,1580239283,49,69.22,-51.1,3.2,17.22
233,Poum,100,NC,1580239595,81,-20.23,164.02,79.38,17.22
234,Ust-Nera,55,RU,1580239817,100,64.57,143.2,-46.46,2.46
235,Mayo,90,US,1580239536,60,38.89,-76.51,45.0,9.17
236,Fayaoue,100,NC,1580239817,81,-20.65,166.53,77.72,16.84
237,Khorinsk,32,RU,1580239817,93,52.17,109.77,-1.08,3.0
238,Parichhatgarh,23,IN,1580239817,96,28.98,77.93,53.69,6.93
239,Harindanga,40,IN,1580239817,82,22.04,88.32,62.6,3.36
240,Umri,69,IN,1580239818,80,26.51,78.94,60.3,4.29
241,Kodiak,1,US,1580239408,78,57.79,-152.41,15.8,8.05
242,Nizwa,0,OM,1580239590,61,22.93,57.53,55.09,4.45
243,Maun,14,BW,1580239818,57,-19.98,23.42,80.6,6.93
244,Ormstown,90,CA,1580239818,68,45.13,-74.0,30.99,9.17
245,Aracati,32,BR,1580239818,78,-4.56,-37.77,79.81,6.35
246,Luganville,40,VU,1580239818,94,-15.53,167.17,77.0,1.12
247,Sobolevo,92,RU,1580239241,97,54.43,31.9,31.59,8.46
248,Mae Hong Son,0,TH,1580239818,44,19.3,97.97,51.55,2.3
249,Aksu,0,CN,1580239587,61,41.12,80.26,24.22,0.63
250,Bagdarin,82,RU,1580239818,100,54.43,113.6,-7.4,0.27
251,Moctezuma,0,MX,1580239819,20,29.8,-109.67,65.03,4.81
252,Shingu,68,JP,1580239819,76,33.73,135.98,54.88,8.57
253,Lata,75,PT,1580239297,87,40.16,-8.33,60.01,6.93
254,Biscarrosse,75,FR,1580239819,81,44.39,-1.17,51.8,11.41
255,Nemuro,98,JP,1580239796,59,43.32,145.57,28.13,6.06
256,Tocopilla,0,CL,1580239331,35,-22.09,-70.2,76.19,13.71
257,Yar-Sale,99,RU,1580239607,94,66.83,70.83,-6.45,19.37
258,Port Blair,89,IN,1580239528,61,11.67,92.75,77.77,9.37
259,Hambantota,40,LK,1580239819,100,6.12,81.12,71.6,2.24
260,Yuncheng,0,CN,1580239819,69,35.02,110.99,32.22,4.85
261,Sandwick,40,GB,1580239599,86,60.0,-1.25,37.4,3.36
262,Am Timan,0,TD,1580239819,12,11.03,20.28,70.25,5.17
263,Nuevitas,40,CU,1580239819,51,21.55,-77.26,84.2,10.29
264,Gorom-Gorom,100,BF,1580239820,7,14.44,-0.24,77.36,11.05
265,Cifuentes,75,CU,1580239820,51,22.64,-80.05,84.2,10.29
266,Doha,0,QA,1580239684,67,25.29,51.53,60.8,5.82
267,Plettenberg Bay,0,ZA,1580239820,76,-34.05,23.37,64.56,7.72
268,Tobol,0,KZ,1580239820,87,52.68,62.58,-6.12,5.12
269,Muros,75,ES,1580239599,100,42.78,-9.06,57.0,3.36
270,Kuching,75,MY,1580239820,100,1.55,110.33,77.0,2.24
271,Sola,90,VU,1580239603,94,-13.88,167.55,80.6,11.23
272,Dubbo,77,AU,1580239587,33,-32.25,148.62,75.2,10.29
273,Gigmoto,34,PH,1580239820,76,13.78,124.39,79.36,3.91
274,Opuwo,100,NA,1580239556,37,-18.06,13.84,83.34,9.17
275,Shelburne,90,CA,1580239821,86,44.08,-80.2,34.0,3.36
276,Humboldt,90,US,1580239821,87,40.67,-123.92,57.0,12.75
277,Shar,73,KZ,1580239821,78,49.59,81.05,20.34,15.55
278,Psyzh,100,RU,1580239821,8,44.23,42.02,37.99,15.01
279,Luau,97,AO,1580239821,97,-10.71,22.22,65.52,1.01
280,Puertollano,75,ES,1580239821,93,38.69,-4.11,52.0,5.82
281,Haines Junction,56,CA,1580239576,91,60.75,-137.51,2.66,6.87
282,Kondinskoye,53,RU,1580239821,96,59.65,67.41,-16.26,7.54
283,Trat,5,TH,1580239821,90,12.5,102.5,71.1,1.12
284,Tizapan el Alto,5,MX,1580239822,37,20.17,-103.07,73.99,7.85
285,Alcacer do Sal,20,PT,1580239822,93,38.37,-8.51,59.0,6.93
286,Camargo,0,MX,1580239822,16,27.67,-105.17,63.43,11.05
287,Fallon,75,US,1580239696,45,39.47,-118.78,53.01,4.7
288,Khachrod,0,IN,1580239822,62,23.42,75.28,55.09,3.87
289,Cabildo,86,AR,1580239822,30,-38.48,-61.9,84.07,14.09
290,Severo-Kuril'sk,58,RU,1580239201,94,50.68,156.12,22.28,6.51
291,Bariloche,20,AR,1580239739,25,-41.15,-71.31,62.6,23.04
292,Tsaratanana,100,MG,1580239822,96,-16.78,47.65,70.0,3.98
293,Manado,20,ID,1580239550,100,1.49,124.85,69.8,1.16
294,La Sarre,38,CA,1580239823,88,48.8,-79.2,13.32,5.28
295,Flers,94,FR,1580239823,81,48.74,-0.57,42.8,14.99
296,Hithadhoo,64,MV,1580239167,78,-0.6,73.08,81.79,12.64
297,Robertsport,0,LR,1580239823,82,6.75,-11.37,82.11,8.79
298,San Rafael del Sur,20,NI,1580239823,48,11.85,-86.44,87.8,9.17
299,Lebu,95,CL,1580239158,54,-37.62,-73.65,67.55,11.79
300,Sabha,0,LY,1580239674,17,27.04,14.43,66.18,9.06
301,Mahibadhoo,0,MV,1580239823,74,3.78,72.97,80.51,12.77
302,Abrau-Dyurso,40,RU,1580239823,76,44.69,37.59,50.0,8.95
303,Margate,20,GB,1580239594,80,51.38,1.39,39.99,12.75
304,Nhulunbuy,100,AU,1580239722,83,-12.23,136.77,77.0,6.93
305,Buala,100,SB,1580239823,80,-8.14,159.59,81.68,2.57
306,Sept-Iles,20,CA,1580239824,41,50.2,-66.38,19.4,9.17
307,Gao,100,ML,1580239824,7,16.64,1.64,76.1,10.36
308,Steinbach am Taunus,20,DE,1580239597,74,50.17,8.57,39.99,10.29
309,San Jose,75,US,1580239810,71,37.34,-121.89,61.0,8.05
310,Vallenar,3,CL,1580239532,60,-28.57,-70.76,72.3,12.62
311,Rio Grande,40,BR,1580239824,58,-32.03,-52.1,82.4,1.12
312,Corinth,20,GR,1580239776,62,37.94,22.96,57.0,3.36
313,Nadym,100,RU,1580239824,94,65.53,72.52,-7.58,15.95
314,Thunder Bay,75,CA,1580239585,67,48.4,-89.32,23.0,6.93
315,Bouca,35,CF,1580239824,18,6.51,18.27,74.97,4.63
316,Pochutla,40,MX,1580239824,58,15.74,-96.47,86.0,11.41
317,Vilhena,40,BR,1580239475,83,-12.74,-60.15,78.8,10.29
318,Kieta,87,PG,1580239552,78,-6.22,155.63,81.34,7.18
319,Babayurt,30,RU,1580239825,92,43.6,46.78,39.0,7.61
320,Mayumba,100,GA,1580239825,76,-3.43,10.66,82.72,4.83
321,Saint-Pierre,4,RE,1580239424,73,-21.34,55.48,73.4,5.82
322,Sabang,100,ID,1580239594,71,5.89,95.32,81.03,12.88
323,Paoua,0,CF,1580239825,19,7.24,16.44,70.81,3.04
324,Buraidah,26,SA,1580239499,37,26.33,43.98,53.6,6.93
325,Kenora,90,CA,1580239682,85,49.82,-94.43,14.0,5.82
326,Ubajara,95,BR,1580239825,87,-3.85,-40.92,72.27,7.02
327,Tabou,89,CI,1580239349,81,4.42,-7.35,80.89,4.36
328,Pangnirtung,20,CA,1580239468,61,66.15,-65.71,-20.2,1.83
329,Sao Joaquim,99,BR,1580239825,96,-28.29,-49.93,64.65,4.16
330,Clyde River,20,CA,1580239718,75,70.47,-68.59,-20.2,14.99
331,Tagab,20,AF,1580239825,73,34.85,69.65,26.6,4.43
332,Harper,95,LR,1580239826,84,4.38,-7.72,77.97,2.93
333,Preslav,62,BG,1580239647,78,43.17,26.82,41.97,4.45
334,Imbituba,75,BR,1580239567,78,-28.24,-48.67,80.6,11.41
335,Pasighat,0,IN,1580239826,66,28.07,95.33,52.11,2.57
336,Tilichiki,100,RU,1580239540,94,60.47,166.1,14.16,6.06
337,Birao,33,CF,1580239439,12,10.28,22.79,74.03,6.89
338,Talnakh,75,RU,1580239357,85,69.49,88.4,12.2,11.18
339,Chui,0,UY,1580239288,37,-33.7,-53.46,80.42,6.58
340,Peniche,75,PT,1580239485,87,39.36,-9.38,60.01,6.93
341,Najran,5,SA,1580239182,30,17.49,44.13,57.2,2.46
342,Alofi,31,NU,1580239291,88,-19.06,-169.92,80.6,6.93
343,Kununurra,69,AU,1580239583,94,-15.77,128.73,80.6,7.63
344,Sumenep,11,ID,1580239827,79,-7.02,113.87,80.96,4.81
345,Touros,40,BR,1580239209,66,-5.2,-35.46,86.0,14.99
346,Magadan,100,RU,1580239827,96,59.57,150.8,8.55,5.7
347,Lipari,40,IT,1580239827,82,38.47,14.95,57.99,4.7
348,Vardo,75,NO,1580239464,92,70.37,31.11,17.6,9.17
349,Viedma,100,AR,1580239511,51,-40.81,-63.0,68.81,17.52
350,Tezu,0,IN,1580239827,58,27.92,96.17,49.77,3.04
351,Gizo,99,SB,1580239504,83,-8.1,156.84,78.28,4.68
352,Manta,75,EC,1580239828,70,-0.95,-80.73,84.2,5.82
353,Kathu,20,TH,1580239828,73,7.92,98.33,75.2,2.24
354,Bundaberg,45,AU,1580239828,94,-24.85,152.35,75.0,1.12
355,Half Moon Bay,90,US,1580239205,87,37.46,-122.43,60.01,6.93
356,Monrovia,75,LR,1580239828,83,6.3,-10.8,78.8,7.36
357,Teknaf,0,BD,1580239828,73,20.86,92.31,55.2,1.81
358,Fort Nelson,40,CA,1580239829,77,58.81,-122.7,1.4,1.34
359,Vostok,100,RU,1580239156,83,46.49,135.88,10.47,1.63
360,Atar,0,MR,1580239829,11,20.52,-13.05,89.6,16.11
361,Kupang,70,ID,1580239453,76,-10.17,123.58,84.2,9.33
362,San Vicente,52,AR,1580239829,53,-26.62,-54.13,88.0,3.89
363,Aiken,1,US,1580239830,41,33.58,-81.6,60.8,5.82
364,La Ronge,90,CA,1580239790,92,55.1,-105.28,17.6,4.7
365,Westport,90,US,1580239266,64,41.14,-73.36,44.01,8.05
366,Gubkinskiy,100,RU,1580239830,95,64.43,76.5,-6.52,16.91
367,Loikaw,0,MM,1580239831,37,19.67,97.21,51.94,2.51
368,Tias,0,ES,1580239449,55,28.96,-13.64,66.2,8.05
369,Thai Binh,75,VN,1580239831,62,20.45,106.33,59.0,6.93
370,Liverpool,88,GB,1580239630,81,53.41,-2.98,43.0,19.46
371,Byron Bay,38,AU,1580239831,94,-28.65,153.62,75.99,5.82
372,Brae,40,GB,1580239503,93,60.4,-1.35,37.4,3.36
373,Urzhum,83,RU,1580239831,94,57.11,50.0,-6.52,6.46
374,General Pico,74,AR,1580239831,16,-35.66,-63.76,99.61,9.24
375,Ahtopol,64,BG,1580239831,81,42.1,27.95,45.0,2.24
376,Granadilla de Abona,31,ES,1580239832,68,28.12,-16.58,66.2,5.82
377,Tutora,96,RO,1580239832,83,47.13,27.78,37.99,8.05
378,Kattivakkam,20,IN,1580239832,74,13.22,80.32,81.0,5.82
379,Pierre,90,US,1580239750,100,44.37,-100.35,34.0,5.82
380,Roswell,20,US,1580239661,38,34.02,-84.36,61.0,9.17
381,Matay,0,EG,1580239832,54,28.42,30.78,51.22,7.49
382,Valparaiso,40,CL,1580239443,77,-33.04,-71.63,66.2,6.93
383,Desna,33,UA,1580239832,100,50.93,30.76,32.0,8.95
384,Kavieng,30,PG,1580239263,75,-2.57,150.8,84.06,9.89
385,Pompeu,67,BR,1580239832,87,-19.22,-44.94,76.41,5.55
386,Sampit,100,ID,1580239832,97,-2.53,112.95,76.59,2.1
387,Dedougou,0,BF,1580239833,6,12.47,-3.47,76.96,6.87
388,Candia,90,US,1580239833,47,43.08,-71.28,39.2,11.41
389,Alice Springs,0,AU,1580239454,45,-23.7,133.88,82.4,5.82
390,Soe,71,ID,1580239833,85,-9.86,124.28,74.5,5.75
391,Guerrero Negro,0,MX,1580239567,33,27.98,-114.06,69.12,3.85
392,Caceres,85,ES,1580239833,89,39.52,-6.37,55.0,4.0
393,Mogadishu,81,SO,1580239565,78,2.04,45.34,80.29,28.54
394,Saint-Prosper,100,CA,1580239833,85,46.21,-70.48,24.01,1.01
395,Khandyga,68,RU,1580239833,100,62.67,135.6,-33.34,1.43
396,Crotone,20,IT,1580239833,58,39.09,17.12,53.6,8.05
397,Amahai,100,ID,1580239834,76,-3.33,128.92,83.23,11.88
398,Kjollefjord,1,NO,1580239801,72,70.95,27.35,14.0,16.11
399,Moroni,40,KM,1580239834,83,-11.7,43.26,82.4,3.36
400,Osa,30,RU,1580239834,99,57.28,55.46,-17.79,2.15
401,Kaeo,18,NZ,1580239606,100,-35.1,173.78,69.01,2.77
402,Winona,90,US,1580239572,79,43.97,-91.77,24.8,3.36
403,Wasco,1,US,1580239834,71,35.59,-119.34,55.4,5.82
404,Baracoa,34,CU,1580239834,64,20.35,-74.5,77.67,2.57
405,Leh,95,IN,1580239229,83,34.17,77.58,-3.17,5.95
406,Lorengau,96,PG,1580239311,80,-2.02,147.27,82.9,11.63
407,Tonj,0,SS,1580239834,14,7.27,28.68,72.64,3.71
408,Udachny,100,RU,1580239835,90,66.42,112.4,4.77,13.18
409,Urumqi,25,CN,1580239545,85,43.8,87.6,15.8,2.24
410,Malbork,75,PL,1580239415,93,54.04,19.03,43.0,10.29
411,Padron,75,ES,1580239835,100,42.74,-8.66,57.0,3.36
412,Tessalit,0,ML,1580239573,9,20.2,1.01,80.82,9.42
413,Magalia,90,US,1580239835,71,39.81,-121.58,57.2,13.87
414,Khanbari,94,NP,1580239597,63,27.37,87.2,32.2,4.25
415,Kahului,20,US,1580239800,69,20.89,-156.47,75.2,6.49
416,Betare Oya,0,CM,1580239835,23,5.6,14.08,72.79,5.77
417,Bardiyah,8,LY,1580239206,74,31.76,25.09,59.11,17.43
418,Bhadasar,0,IN,1580239835,64,28.28,74.32,55.85,4.79
419,Uvat,98,RU,1580239836,96,59.14,68.9,-12.55,6.53
420,Ciudad Bolivar,22,VE,1580239836,39,8.12,-63.55,92.28,8.61
421,Karratha,8,AU,1580239556,76,-20.74,116.85,84.63,17.11
422,Alugan,16,PH,1580239836,88,12.22,125.48,75.52,4.41
423,Saldanha,4,ZA,1580239422,77,-33.01,17.94,66.2,13.87
424,Sinnamary,100,GF,1580239656,81,5.38,-52.95,80.71,13.27
425,Pindi Gheb,90,PK,1580239836,100,33.24,72.27,46.4,11.41
426,Kulykiv,100,UA,1580239836,87,50.31,24.82,35.71,8.86
427,Olinda,51,BR,1580239586,66,-8.01,-34.86,86.0,12.75
428,Sokolo,0,ML,1580239836,4,14.73,-6.12,77.16,10.09
429,Resistencia,40,AR,1580239546,44,-27.46,-58.98,95.0,5.82
430,Trelew,17,AR,1580239753,21,-43.25,-65.31,71.01,16.17
431,Papara,40,BR,1580239837,66,-3.98,-38.73,84.99,11.41
432,Murgab,0,TM,1580239837,62,37.5,61.97,37.4,6.93
433,Nantucket,90,US,1580239765,60,41.28,-70.1,39.99,12.75
434,Santa Vitoria do Palmar,0,BR,1580239354,37,-33.52,-53.37,80.42,6.58
435,Kushmurun,0,KZ,1580239678,89,52.45,64.63,-6.12,6.98
436,Nome,1,US,1580239650,68,64.5,-165.41,-16.01,6.78
437,Klyuchi,100,RU,1580239837,90,52.27,79.17,9.54,22.77
438,Meulaboh,100,ID,1580239722,77,4.14,96.13,82.36,23.38
439,Kyren,0,RU,1580239837,71,51.68,102.14,6.26,11.23
440,Sarakhs,0,IR,1580239837,74,36.54,61.16,37.4,4.7
441,Nishihara,75,JP,1580239463,82,26.18,127.76,60.8,14.99
442,Norden,20,DE,1580239838,86,53.6,7.2,41.0,11.41
443,Walvis Bay,0,NA,1580239838,77,-22.96,14.51,64.99,8.05
444,Alice Town,60,BS,1580239838,75,25.72,-79.3,73.24,12.19
445,Varanasi,40,IN,1580239838,87,25.33,83.0,59.0,3.36
446,Arrondissement de Gourdon,98,FR,1580239838,92,44.75,1.5,43.0,3.0
447,Grindavik,20,IS,1580239794,67,63.84,-22.43,32.0,5.82
448,Chifeng,100,CN,1580239838,75,42.27,118.96,15.66,4.54
449,Ossora,99,RU,1580239599,95,59.24,163.07,22.86,4.32
450,Senta,100,RS,1580239838,73,45.93,20.08,49.3,22.64
451,Bogorodskoye,92,RU,1580239839,94,56.55,37.88,22.06,6.82
452,Pinawa,99,CA,1580239839,86,50.15,-95.88,18.34,2.84
453,Svetlogorsk,78,BY,1580239733,87,52.63,29.73,31.87,9.46
454,Henties Bay,11,NA,1580239839,88,-22.12,14.28,64.99,3.0
455,Papineauville,90,CA,1580239839,79,45.62,-75.02,28.99,8.05
456,Casper,1,US,1580239839,68,42.87,-106.31,36.0,16.11
457,Palana,98,RU,1580239839,74,59.12,159.97,16.43,5.57
458,Avera,1,US,1580239448,41,33.19,-82.53,62.01,4.7
459,Nsoko,8,SZ,1580239839,95,-27.03,31.95,64.85,1.63
460,Whitehorse,75,CA,1580239567,85,60.72,-135.05,26.01,2.24
461,Tawang,62,IN,1580239839,85,27.58,91.87,17.91,3.56
462,Kiryat Gat,40,IL,1580239577,76,31.61,34.76,57.2,4.7
463,Saint-Francois,100,FR,1580239186,75,46.42,3.91,44.01,6.93
464,Cervo,100,ES,1580239840,1,43.67,-7.41,54.0,3.0
465,Murmino,97,RU,1580239840,94,54.6,40.05,32.0,4.0
466,Borogontsy,0,RU,1580239840,97,62.67,131.17,-32.49,3.27
467,Zonguldak,91,TR,1580239840,92,41.25,31.83,38.79,3.29
468,Saint-Michel-des-Saints,35,CA,1580239840,7,46.68,-73.92,28.99,5.91
469,Pathein,0,MM,1580239840,71,16.78,94.73,73.27,15.08
470,Nueve de Julio,57,AR,1580239840,14,-35.44,-60.88,97.47,16.26
471,Qasigiannguit,75,GL,1580239840,49,68.82,-51.19,3.2,17.22
472,Oranjemund,43,NA,1580239213,73,-28.55,16.43,65.16,15.79
473,Shimoda,90,JP,1580239426,93,34.67,138.95,53.6,6.93
474,Katherine,75,AU,1580239207,88,-14.47,132.27,73.4,13.87
475,Domoni,100,KM,1580239841,72,-12.26,44.53,83.62,7.36
476,Kilindoni,31,TZ,1580239624,80,-7.91,39.67,83.01,11.79
477,Jardim,95,BR,1580239841,50,-21.48,-56.14,86.83,5.1
478,Santo Antonio do Ica,100,BR,1580239841,91,-3.1,-67.94,79.41,1.12
479,San Patricio,40,MX,1580239097,58,19.22,-104.7,82.4,6.93
480,Dunedin,100,NZ,1580239374,92,-45.87,170.5,60.01,3.0
481,Ejea de los Caballeros,50,ES,1580239841,81,42.13,-1.14,55.4,4.7
482,Eyl,98,SO,1580239537,68,7.98,49.82,75.65,28.45
483,Netphen,20,DE,1580239841,69,50.92,8.1,39.99,9.17
484,Machico,20,PT,1580239841,67,32.7,-16.77,62.6,4.7
485,Berlevag,40,NO,1580239244,66,70.86,29.09,14.0,14.99
486,Husavik,90,IS,1580239194,85,66.04,-17.34,21.2,6.93
487,Ukiah,20,US,1580239842,62,39.15,-123.21,57.99,5.82
488,Departamento de Maldonado,0,UY,1580239826,45,-34.67,-54.92,82.4,4.7
489,Altagracia de Orituco,0,VE,1580239496,36,9.86,-66.38,85.57,5.88
490,Koulamoutou,94,GA,1580239554,52,-1.13,12.47,83.79,3.4
491,Lengshuitan,0,CN,1580239842,86,26.41,111.6,38.46,1.81
492,Swellendam,0,ZA,1580239795,72,-34.02,20.44,68.0,7.34
493,Ahipara,67,NZ,1580239222,100,-35.17,173.17,69.01,3.49
494,Taoudenni,91,ML,1580239264,16,22.68,-3.98,78.84,10.42
495,North Bend,90,US,1580239482,81,43.41,-124.22,54.0,17.22
496,Tkibuli,75,GE,1580239842,32,42.35,43.0,53.6,11.41
497,Zhanaozen,0,KZ,1580239842,74,43.3,52.8,37.49,12.91
498,Kumul,19,CN,1580239576,73,42.8,93.45,10.98,1.32
499,Puerto Madryn,8,AR,1580239842,40,-42.77,-65.04,65.97,17.65
500,Olafsvik,52,IS,1580239843,69,64.89,-23.71,31.32,13.27
501,Malanje,65,AO,1580239843,93,-9.54,16.34,64.89,2.68
502,Quelimane,20,MZ,1580239843,78,-17.88,36.89,82.4,3.36
503,Coahuayana Viejo,40,MX,1580239271,53,18.73,-103.68,75.2,6.93
504,Sucila,67,MX,1580239843,44,21.15,-88.32,88.77,0.83
505,Assiniboia,0,CA,1580239745,88,49.63,-105.98,21.45,4.12
506,Troitsko-Pechorsk,75,RU,1580239771,97,62.71,56.2,-12.53,5.12
507,Balta,71,UA,1580239843,94,47.94,29.62,35.4,6.4
508,Baykit,92,RU,1580239711,97,61.67,96.37,4.37,2.71
509,San Policarpo,16,PH,1580239843,88,12.18,125.51,75.52,4.41
510,College,20,US,1580239843,74,64.86,-147.8,-17.0,3.49
511,Ostrovnoy,98,RU,1580239692,99,68.05,39.51,3.63,8.41
512,Peleduy,20,RU,1580239524,84,59.63,112.74,-2.24,2.35
513,Zamosc,100,PL,1580239844,93,50.72,23.25,35.6,11.41
514,Ulverstone,3,AU,1580239844,92,-41.15,146.17,57.99,1.01
515,Bodden Town,20,KY,1580239316,65,19.28,-81.25,82.99,6.93
516,Coyhaique,75,CL,1580239583,50,-45.58,-72.07,59.0,8.05
517,Killin,90,US,1580239844,87,33.61,-91.74,51.8,7.4
518,Oksfjord,20,NO,1580239844,68,70.24,22.35,24.8,34.45
519,Singaraja,100,ID,1580239844,74,-8.11,115.09,84.6,7.56
520,Vila Franca do Campo,75,PT,1580239327,100,37.72,-25.43,60.8,21.92
521,Winslow,1,US,1580239844,36,35.02,-110.7,44.6,3.94
522,Talaya,100,RU,1580239844,99,61.38,152.75,-12.96,5.32
523,Marawi,75,PH,1580239844,91,8.0,124.29,77.0,4.0
524,Comodoro Rivadavia,40,AR,1580239844,39,-45.87,-67.5,66.2,8.05
525,Lima,90,PE,1580239798,69,-12.04,-77.03,80.6,12.75
526,Goderich,97,CA,1580239573,80,43.75,-81.72,34.0,9.91
527,Srednekolymsk,100,RU,1580239337,92,67.45,153.68,-23.49,7.34
528,Beira,75,MZ,1580239662,78,-19.84,34.84,82.4,14.99
529,Etropole,42,BG,1580239845,70,42.83,24.0,39.99,6.93
530,Geraldton,90,AU,1580239706,83,-28.77,114.6,69.8,13.87
531,Ingham,90,US,1580239845,83,42.6,-84.38,34.0,4.7
532,Genoa,95,IT,1580239814,76,44.41,8.96,53.6,2.24
533,Baiquan,0,CN,1580239845,91,47.58,126.08,-2.18,12.44
534,Pyapon,0,MM,1580239845,83,16.28,95.68,59.81,4.94
535,San Jose de Rio Tinto,0,HN,1580239845,46,14.93,-85.7,84.2,3.91
536,Chara,0,RU,1580239845,70,56.91,118.26,-10.46,1.32
537,Umm Kaddadah,0,SD,1580239845,16,13.6,26.69,61.11,12.59
538,Krasnaya Polyana,99,RU,1580239845,95,56.24,51.14,-4.38,5.01
539,Marzuq,0,YE,1580239846,34,14.4,46.47,54.05,2.13
540,Ashland,90,US,1580239707,74,40.82,-82.27,35.01,6.93
541,Diamantina,100,BR,1580239846,95,-18.25,-43.6,68.45,5.23
542,Bondo,0,CD,1580239846,29,3.81,23.69,73.36,2.46
543,Mareeba,90,AU,1580239388,94,-17.0,145.43,79.0,5.82
544,Semnan,17,IR,1580239846,52,35.57,53.4,34.75,6.04
545,Albino,82,IT,1580239846,100,45.76,9.8,46.0,5.82
546,Kita,62,ML,1580239846,6,13.03,-9.49,79.21,5.12
547,Tambo,100,PE,1580239846,92,-14.8,-73.92,50.41,7.87
548,Mindelo,82,CV,1580239846,57,16.89,-24.98,75.2,19.46
549,Kasongo-Lunda,68,CD,1580239847,84,-6.47,16.82,72.19,1.07
550,Savannah Bight,0,HN,1580239847,76,16.45,-85.85,78.31,5.97
551,Jati,0,PK,1580239847,49,24.35,68.27,57.13,7.31
552,Kruisfontein,0,ZA,1580239329,69,-34.0,24.73,62.96,9.35
553,Itum-Kali,83,RU,1580239847,90,42.74,45.58,13.05,7.67
554,Koslan,89,RU,1580239847,98,63.46,48.9,-7.26,4.79
555,Nacala,100,MZ,1580239847,95,-14.54,40.67,73.17,4.43
556,Coquimbo,40,CL,1580239539,60,-29.95,-71.34,71.6,9.17
557,Annau,0,TM,1580239847,74,37.89,58.52,37.4,6.93
558,Lagos,28,NG,1580239656,78,6.58,3.75,82.4,3.36
559,Hofn,89,IS,1580239241,73,64.25,-15.21,38.71,19.86
560,Vao,100,NC,1580239848,72,-22.67,167.48,76.71,13.4
561,Bystryy Istok,100,RU,1580239848,89,52.37,84.39,23.18,10.29
562,Maniitsoq,0,GL,1580239848,63,65.42,-52.9,6.76,5.91
563,Beloha,21,MG,1580239688,92,-25.17,45.05,73.17,6.08
564,Wajir,40,KE,1580239848,48,1.75,40.06,87.8,3.33
565,Evensk,100,RU,1580239848,95,61.95,159.23,12.74,2.46
566,Kuruman,47,ZA,1580239848,14,-27.45,23.43,75.99,8.99
567,Progreso,40,MX,1580239233,46,21.28,-89.67,90.0,7.65
568,Sorong,0,ID,1580239578,97,-0.88,131.25,73.54,2.04
569,Laas,75,IT,1580239569,79,46.62,10.7,37.4,6.93
570,Flinders,90,AU,1580239430,94,-34.58,150.86,73.0,5.82
571,Cerqueira Cesar,84,BR,1580239849,67,-23.04,-49.17,78.31,1.59
572,Oistins,40,BB,1580239401,69,13.07,-59.53,82.4,13.87
573,Yining,0,CN,1580239849,90,29.04,114.56,32.59,0.13
574,Saint-Augustin,82,CA,1580239499,84,51.23,-58.65,17.76,11.41
575,Tigil,42,RU,1580239849,75,57.8,158.67,9.79,6.46
576,Brufut,52,GM,1580239849,42,13.38,-16.75,82.4,4.7
577,Altamira,75,BR,1580239849,79,-3.2,-52.21,84.2,2.24
578,Praia,69,CV,1580239849,47,14.92,-23.51,78.8,20.8
